insert into project values ('7aca8ada-b3a8-11e8-96f8-529269fb1459', 'Super Nice Product', NULL);
insert into project values ('7aca8eae-b3a8-11e8-96f8-529269fb1459', 'Acme Legacy System', NULL);
insert into project values ('7aca9476-b3a8-11e8-96f8-529269fb1459', 'Awesome Office Suite', NULL);

insert into release values ('0a196fbc-b403-11e8-96f8-529269fb1459', '7aca8ada-b3a8-11e8-96f8-529269fb1459', '1.0.0');
insert into release values ('0a1975ac-b403-11e8-96f8-529269fb1459', '7aca8ada-b3a8-11e8-96f8-529269fb1459', '1.1.0');
insert into release values ('0a197872-b403-11e8-96f8-529269fb1459', '7aca8ada-b3a8-11e8-96f8-529269fb1459', '1.2.0');

insert into release values ('4fb4d4d4-c0c5-11e8-a355-529269fb1459', '7aca9476-b3a8-11e8-96f8-529269fb1459', '1.0.0');

insert into feature_status values ('c9744fbf-1597-4d7f-8bd0-2a134a1bda42', 'Defined');
insert into feature_status values ('5f75c2a1-5233-4132-b29f-20fa5fd1e42f', 'In Progess');
insert into feature_status values ('d17b4c24-956b-4474-b21d-a2606b9cdd10', 'Completed');
insert into feature_status values ('a59835be-f2f8-4c88-b539-b9b03d4c72f9', 'Accepted');

-- features
insert into feature (id, code, project_id, release_id, name, description, estimation, pct_completed, feature_status_id) values ('42ef7915-ff24-4414-908d-35cc991b037d', '00000001', '7aca8ada-b3a8-11e8-96f8-529269fb1459', '0a196fbc-b403-11e8-96f8-529269fb1459', 'leo pellentesque ultrices mattis', 'Integer aliquet, massa id lobortis convallis, tortor risus dapibus augue, vel accumsan tellus nisi eu orci. Mauris lacinia sapien quis libero. Nullam sit amet turpis elementum ligula vehicula consequat. Morbi a ipsum.', 21, 10, 'd17b4c24-956b-4474-b21d-a2606b9cdd10');
insert into feature (id, code, project_id, release_id, name, description, estimation, pct_completed, feature_status_id) values ('078fffaa-7ba0-4c61-84ab-cbfbae88b7f8', '00000002', '7aca8ada-b3a8-11e8-96f8-529269fb1459', '0a196fbc-b403-11e8-96f8-529269fb1459', 'proin eu mi nulla ac', 'Aliquam erat volutpat. In congue.', 55, 10, 'a59835be-f2f8-4c88-b539-b9b03d4c72f9');
insert into feature (id, code, project_id, release_id, name, description, estimation, pct_completed, feature_status_id) values ('586805d0-a23b-47a9-9215-16a253291802', '00000003', '7aca8ada-b3a8-11e8-96f8-529269fb1459', '0a196fbc-b403-11e8-96f8-529269fb1459', 'id nulla ultrices aliquet maecenas leo', 'Pellentesque viverra pede ac diam. Cras pellentesque volutpat dui.', 21, 20, 'd17b4c24-956b-4474-b21d-a2606b9cdd10');
insert into feature (id, code, project_id, release_id, name, description, estimation, pct_completed, feature_status_id) values ('ce1d9090-af67-42cb-89f1-34c50eded2c2', '00000004', '7aca8ada-b3a8-11e8-96f8-529269fb1459', '0a196fbc-b403-11e8-96f8-529269fb1459', 'amet diam in magna', 'Nulla neque libero, convallis eget, eleifend luctus, ultricies eu, nibh.', 5, 20, 'a59835be-f2f8-4c88-b539-b9b03d4c72f9');
insert into feature (id, code, project_id, release_id, name, description, estimation, pct_completed, feature_status_id) values ('99cb6142-3fc6-4a5c-9b3a-6cfc1aa5dd1c', '00000005', '7aca8ada-b3a8-11e8-96f8-529269fb1459', '0a196fbc-b403-11e8-96f8-529269fb1459', 'mattis odio donec vitae nisi nam ultrices libero', 'Phasellus in felis. Donec semper sapien a libero. Nam dui. Proin leo odio, porttitor id, consequat in, consequat ut, nulla.', 1, 50, 'd17b4c24-956b-4474-b21d-a2606b9cdd10');
insert into feature (id, code, project_id, release_id, name, description, estimation, pct_completed, feature_status_id) values ('07bd8995-b45b-4c95-99fb-8356bb306bab', '00000006', '7aca8ada-b3a8-11e8-96f8-529269fb1459', '0a196fbc-b403-11e8-96f8-529269fb1459', 'mattis pulvinar nulla pede ullamcorper augue a', 'Nunc rhoncus dui vel sem. Sed sagittis. Nam congue, risus semper porta volutpat, quam pede lobortis ligula, sit amet eleifend pede libero quis orci. Nullam molestie nibh in lectus. Pellentesque at nulla.', 2, 100, 'a59835be-f2f8-4c88-b539-b9b03d4c72f9');
insert into feature (id, code, project_id, release_id, name, description, estimation, pct_completed, feature_status_id) values ('23f9f764-eb4b-4bdb-a434-046a0830b28d', '00000007', '7aca8ada-b3a8-11e8-96f8-529269fb1459', '0a196fbc-b403-11e8-96f8-529269fb1459', 'iaculis justo in hac habitasse', 'Fusce posuere felis sed lacus. Morbi sem mauris, laoreet ut, rhoncus aliquet, pulvinar sed, nisl. Nunc rhoncus dui vel sem.', 13, 70, 'd17b4c24-956b-4474-b21d-a2606b9cdd10');
insert into feature (id, code, project_id, release_id, name, description, estimation, pct_completed, feature_status_id) values ('02ec53b8-4ed6-434b-a899-750ba85f39e5', '00000008', '7aca8ada-b3a8-11e8-96f8-529269fb1459', '0a196fbc-b403-11e8-96f8-529269fb1459', 'faucibus orci luctus et ultrices posuere cubilia curae', 'Cras mi pede, malesuada in, imperdiet et, commodo vulputate, justo. In blandit ultrices enim. Lorem ipsum dolor sit amet, consectetuer adipiscing elit.', 55, 90, 'c9744fbf-1597-4d7f-8bd0-2a134a1bda42');
insert into feature (id, code, project_id, release_id, name, description, estimation, pct_completed, feature_status_id) values ('25501032-9e02-4f2a-85fd-9825add07497', '00000009', '7aca8ada-b3a8-11e8-96f8-529269fb1459', '0a196fbc-b403-11e8-96f8-529269fb1459', 'in eleifend quam a', 'In blandit ultrices enim. Lorem ipsum dolor sit amet, consectetuer adipiscing elit. Proin interdum mauris non ligula pellentesque ultrices. Phasellus id sapien in sapien iaculis congue.', 13, 70, 'a59835be-f2f8-4c88-b539-b9b03d4c72f9');
insert into feature (id, code, project_id, release_id, name, description, estimation, pct_completed, feature_status_id) values ('2a7777b8-70ad-43cc-8872-b28c95727725', '00000010', '7aca8ada-b3a8-11e8-96f8-529269fb1459', '0a196fbc-b403-11e8-96f8-529269fb1459', 'condimentum neque sapien', 'Cras mi pede, malesuada in, imperdiet et, commodo vulputate, justo. In blandit ultrices enim. Lorem ipsum dolor sit amet, consectetuer adipiscing elit.', 55, 20, 'c9744fbf-1597-4d7f-8bd0-2a134a1bda42');
insert into feature (id, code, project_id, release_id, name, description, estimation, pct_completed, feature_status_id) values ('d9cd9f1e-df6b-4ea9-8b84-90d8d42c08ee', '00000011', '7aca8ada-b3a8-11e8-96f8-529269fb1459', '0a196fbc-b403-11e8-96f8-529269fb1459', 'fusce lacus purus aliquet at feugiat', 'Mauris ullamcorper purus sit amet nulla. Quisque arcu libero, rutrum ac, lobortis vel, dapibus at, diam. Nam tristique tortor eu pede.', 55, 80, '5f75c2a1-5233-4132-b29f-20fa5fd1e42f');
insert into feature (id, code, project_id, release_id, name, description, estimation, pct_completed, feature_status_id) values ('bb682f92-c07f-4210-94f7-cbd8a2330970', '00000012', '7aca8ada-b3a8-11e8-96f8-529269fb1459', '0a196fbc-b403-11e8-96f8-529269fb1459', 'donec pharetra magna vestibulum aliquet ultrices', 'Integer a nibh. In quis justo. Maecenas rhoncus aliquam lacus.', 13, 10, '5f75c2a1-5233-4132-b29f-20fa5fd1e42f');
insert into feature (id, code, project_id, release_id, name, description, estimation, pct_completed, feature_status_id) values ('0ecc5e4c-99da-4ac5-ae0b-82379fc4bb4a', '00000013', '7aca8ada-b3a8-11e8-96f8-529269fb1459', '0a196fbc-b403-11e8-96f8-529269fb1459', 'tellus nisi eu orci mauris lacinia sapien', 'Morbi non lectus. Aliquam sit amet diam in magna bibendum imperdiet. Nullam orci pede, venenatis non, sodales sed, tincidunt eu, felis.', 2, 50, 'a59835be-f2f8-4c88-b539-b9b03d4c72f9');
insert into feature (id, code, project_id, release_id, name, description, estimation, pct_completed, feature_status_id) values ('54faeaf8-421b-4b2e-a0d8-387a81b9b118', '00000014', '7aca8ada-b3a8-11e8-96f8-529269fb1459', '0a196fbc-b403-11e8-96f8-529269fb1459', 'quam pede lobortis ligula', 'Ut at dolor quis odio consequat varius. Integer ac leo. Pellentesque ultrices mattis odio.', 2, 30, 'a59835be-f2f8-4c88-b539-b9b03d4c72f9');
insert into feature (id, code, project_id, release_id, name, description, estimation, pct_completed, feature_status_id) values ('7e5d3ad7-4986-4c00-8230-099f2180555a', '00000015', '7aca8ada-b3a8-11e8-96f8-529269fb1459', '0a196fbc-b403-11e8-96f8-529269fb1459', 'id mauris vulputate elementum nullam', 'Nam dui. Proin leo odio, porttitor id, consequat in, consequat ut, nulla.', 13, 60, 'c9744fbf-1597-4d7f-8bd0-2a134a1bda42');
insert into feature (id, code, project_id, release_id, name, description, estimation, pct_completed, feature_status_id) values ('a0258ff3-6a71-4fe3-8112-6c9a3d2a4f55', '00000016', '7aca8ada-b3a8-11e8-96f8-529269fb1459', '0a196fbc-b403-11e8-96f8-529269fb1459', 'ullamcorper augue a', 'Donec ut dolor.', 3, 100, 'd17b4c24-956b-4474-b21d-a2606b9cdd10');
insert into feature (id, code, project_id, release_id, name, description, estimation, pct_completed, feature_status_id) values ('c4c52694-200e-4779-a52c-a4198d599011', '00000017', '7aca8ada-b3a8-11e8-96f8-529269fb1459', '0a196fbc-b403-11e8-96f8-529269fb1459', 'massa quis augue luctus tincidunt nulla', 'Vivamus vel nulla eget eros elementum pellentesque. Quisque porta volutpat erat. Quisque erat eros, viverra eget, congue eget, semper rutrum, nulla. Nunc purus.', 21, 80, 'c9744fbf-1597-4d7f-8bd0-2a134a1bda42');
insert into feature (id, code, project_id, release_id, name, description, estimation, pct_completed, feature_status_id) values ('a7f9be38-89d5-49c7-9fa3-f17019c67ac0', '00000018', '7aca8ada-b3a8-11e8-96f8-529269fb1459', '0a196fbc-b403-11e8-96f8-529269fb1459', 'nec molestie sed justo pellentesque viverra pede', 'Fusce consequat. Nulla nisl.', 1, 100, 'c9744fbf-1597-4d7f-8bd0-2a134a1bda42');
insert into feature (id, code, project_id, release_id, name, description, estimation, pct_completed, feature_status_id) values ('48268a74-33f7-48ed-b0a9-71eecc947d50', '00000019', '7aca8ada-b3a8-11e8-96f8-529269fb1459', '0a196fbc-b403-11e8-96f8-529269fb1459', 'ac nibh fusce lacus purus aliquet at', 'Nulla tellus. In sagittis dui vel nisl.', 1, 60, 'd17b4c24-956b-4474-b21d-a2606b9cdd10');
insert into feature (id, code, project_id, release_id, name, description, estimation, pct_completed, feature_status_id) values ('a42f0f13-9a3c-4e77-a789-31c9a7a28fa2', '00000020', '7aca8ada-b3a8-11e8-96f8-529269fb1459', '0a196fbc-b403-11e8-96f8-529269fb1459', 'aenean sit amet', 'Duis ac nibh. Fusce lacus purus, aliquet at, feugiat non, pretium quis, lectus. Suspendisse potenti. In eleifend quam a odio. In hac habitasse platea dictumst.', 2, 10, 'd17b4c24-956b-4474-b21d-a2606b9cdd10');
insert into feature (id, code, project_id, release_id, name, description, estimation, pct_completed, feature_status_id) values ('8fbe3dd6-4900-4150-8109-1ef82c314006', '00000021', '7aca8ada-b3a8-11e8-96f8-529269fb1459', '0a196fbc-b403-11e8-96f8-529269fb1459', 'aliquam convallis nunc proin at', 'Sed vel enim sit amet nunc viverra dapibus. Nulla suscipit ligula in lacus. Curabitur at ipsum ac tellus semper interdum. Mauris ullamcorper purus sit amet nulla. Quisque arcu libero, rutrum ac, lobortis vel, dapibus at, diam.', 21, 40, '5f75c2a1-5233-4132-b29f-20fa5fd1e42f');
insert into feature (id, code, project_id, release_id, name, description, estimation, pct_completed, feature_status_id) values ('080ab213-2fde-4a37-bcee-ab6221c70102', '00000022', '7aca8ada-b3a8-11e8-96f8-529269fb1459', '0a196fbc-b403-11e8-96f8-529269fb1459', 'vitae nisl aenean lectus pellentesque eget nunc donec', 'In eleifend quam a odio.', 2, 90, 'c9744fbf-1597-4d7f-8bd0-2a134a1bda42');
insert into feature (id, code, project_id, release_id, name, description, estimation, pct_completed, feature_status_id) values ('389c6d47-f30b-4c60-b6b5-c2ff5d2e51eb', '00000023', '7aca8ada-b3a8-11e8-96f8-529269fb1459', '0a196fbc-b403-11e8-96f8-529269fb1459', 'in consequat ut nulla sed accumsan felis ut', 'Cum sociis natoque penatibus et magnis dis parturient montes, nascetur ridiculus mus. Vivamus vestibulum sagittis sapien.', 55, 50, '5f75c2a1-5233-4132-b29f-20fa5fd1e42f');
insert into feature (id, code, project_id, release_id, name, description, estimation, pct_completed, feature_status_id) values ('405ddbc8-d6ee-4aa9-beee-1cea3af0a3fe', '00000024', '7aca8ada-b3a8-11e8-96f8-529269fb1459', '0a196fbc-b403-11e8-96f8-529269fb1459', 'quam fringilla rhoncus mauris enim leo rhoncus', 'Suspendisse accumsan tortor quis turpis. Sed ante. Vivamus tortor. Duis mattis egestas metus.', 13, 60, 'd17b4c24-956b-4474-b21d-a2606b9cdd10');
insert into feature (id, code, project_id, release_id, name, description, estimation, pct_completed, feature_status_id) values ('977e32d5-34b0-4913-add0-a04a7bc29eae', '00000025', '7aca8ada-b3a8-11e8-96f8-529269fb1459', '0a196fbc-b403-11e8-96f8-529269fb1459', 'nulla mollis molestie lorem quisque', 'Curabitur gravida nisi at nibh.', 3, 40, 'c9744fbf-1597-4d7f-8bd0-2a134a1bda42');
insert into feature (id, code, project_id, release_id, name, description, estimation, pct_completed, feature_status_id) values ('e833f555-1af4-4d15-80d1-0fc1440cd9c1', '00000026', '7aca8ada-b3a8-11e8-96f8-529269fb1459', '0a196fbc-b403-11e8-96f8-529269fb1459', 'tincidunt nulla mollis', 'Aenean auctor gravida sem. Praesent id massa id nisl venenatis lacinia.', 21, 50, 'd17b4c24-956b-4474-b21d-a2606b9cdd10');
insert into feature (id, code, project_id, release_id, name, description, estimation, pct_completed, feature_status_id) values ('b7072bc9-30a8-49ae-a8fa-f2e0e36a47b3', '00000027', '7aca8ada-b3a8-11e8-96f8-529269fb1459', '0a196fbc-b403-11e8-96f8-529269fb1459', 'volutpat in congue etiam justo etiam pretium', 'Cum sociis natoque penatibus et magnis dis parturient montes, nascetur ridiculus mus. Etiam vel augue. Vestibulum rutrum rutrum neque. Aenean auctor gravida sem.', 5, 50, 'c9744fbf-1597-4d7f-8bd0-2a134a1bda42');
insert into feature (id, code, project_id, release_id, name, description, estimation, pct_completed, feature_status_id) values ('5d544270-7183-4a58-9af2-a3fae3a32341', '00000028', '7aca8ada-b3a8-11e8-96f8-529269fb1459', '0a196fbc-b403-11e8-96f8-529269fb1459', 'elit sodales scelerisque mauris sit amet eros suspendisse', 'Aenean fermentum. Donec ut mauris eget massa tempor convallis. Nulla neque libero, convallis eget, eleifend luctus, ultricies eu, nibh.', 55, 100, '5f75c2a1-5233-4132-b29f-20fa5fd1e42f');
insert into feature (id, code, project_id, release_id, name, description, estimation, pct_completed, feature_status_id) values ('03c804d4-5541-48d0-b440-bbc365e99b1e', '00000029', '7aca8ada-b3a8-11e8-96f8-529269fb1459', '0a196fbc-b403-11e8-96f8-529269fb1459', 'sapien quis libero nullam sit amet turpis', 'Etiam vel augue. Vestibulum rutrum rutrum neque. Aenean auctor gravida sem.', 21, 60, 'a59835be-f2f8-4c88-b539-b9b03d4c72f9');
insert into feature (id, code, project_id, release_id, name, description, estimation, pct_completed, feature_status_id) values ('4d2964b0-bbb8-43fa-b3f4-095403c262b7', '00000030', '7aca8ada-b3a8-11e8-96f8-529269fb1459', '0a196fbc-b403-11e8-96f8-529269fb1459', 'interdum mauris ullamcorper purus sit', 'Proin interdum mauris non ligula pellentesque ultrices. Phasellus id sapien in sapien iaculis congue. Vivamus metus arcu, adipiscing molestie, hendrerit at, vulputate vitae, nisl. Aenean lectus.', 21, 30, '5f75c2a1-5233-4132-b29f-20fa5fd1e42f');
insert into feature (id, code, project_id, release_id, name, description, estimation, pct_completed, feature_status_id) values ('e21e7c88-899c-4211-99f4-7e925d6f9b78', '00000031', '7aca8ada-b3a8-11e8-96f8-529269fb1459', '0a196fbc-b403-11e8-96f8-529269fb1459', 'quis odio consequat', 'In tempor, turpis nec euismod scelerisque, quam turpis adipiscing lorem, vitae mattis nibh ligula nec sem. Duis aliquam convallis nunc. Proin at turpis a pede posuere nonummy. Integer non velit. Donec diam neque, vestibulum eget, vulputate ut, ultrices vel, augue.', 2, 40, '5f75c2a1-5233-4132-b29f-20fa5fd1e42f');
insert into feature (id, code, project_id, release_id, name, description, estimation, pct_completed, feature_status_id) values ('579b7970-acf1-4fb6-81b7-3d221d142b55', '00000032', '7aca8ada-b3a8-11e8-96f8-529269fb1459', '0a196fbc-b403-11e8-96f8-529269fb1459', 'dui proin leo odio porttitor id consequat', 'In quis justo. Maecenas rhoncus aliquam lacus. Morbi quis tortor id nulla ultrices aliquet. Maecenas leo odio, condimentum id, luctus nec, molestie sed, justo. Pellentesque viverra pede ac diam.', 8, 40, '5f75c2a1-5233-4132-b29f-20fa5fd1e42f');
insert into feature (id, code, project_id, release_id, name, description, estimation, pct_completed, feature_status_id) values ('879168cc-6534-4e3a-855d-3f664b5c7cb1', '00000033', '7aca8ada-b3a8-11e8-96f8-529269fb1459', '0a196fbc-b403-11e8-96f8-529269fb1459', 'mauris vulputate elementum nullam varius nulla facilisi cras', 'In hac habitasse platea dictumst. Maecenas ut massa quis augue luctus tincidunt. Nulla mollis molestie lorem.', 35, 80, 'a59835be-f2f8-4c88-b539-b9b03d4c72f9');
insert into feature (id, code, project_id, release_id, name, description, estimation, pct_completed, feature_status_id) values ('349243d0-2cef-4a1c-91c6-07820d6d7dc1', '00000034', '7aca8ada-b3a8-11e8-96f8-529269fb1459', '0a196fbc-b403-11e8-96f8-529269fb1459', 'vestibulum ac est lacinia nisi venenatis', 'Aliquam quis turpis eget elit sodales scelerisque. Mauris sit amet eros. Suspendisse accumsan tortor quis turpis. Sed ante. Vivamus tortor.', 1, 70, 'd17b4c24-956b-4474-b21d-a2606b9cdd10');
insert into feature (id, code, project_id, release_id, name, description, estimation, pct_completed, feature_status_id) values ('5a77ff0a-17b5-4ccc-8796-08f62a44761c', '00000035', '7aca8ada-b3a8-11e8-96f8-529269fb1459', '0a196fbc-b403-11e8-96f8-529269fb1459', 'lobortis ligula sit amet eleifend pede libero quis', 'Duis aliquam convallis nunc.', 21, 90, '5f75c2a1-5233-4132-b29f-20fa5fd1e42f');
insert into feature (id, code, project_id, release_id, name, description, estimation, pct_completed, feature_status_id) values ('11bcbb58-f4a2-43f3-9e9d-4f871b6989d0', '00000036', '7aca8ada-b3a8-11e8-96f8-529269fb1459', '0a196fbc-b403-11e8-96f8-529269fb1459', 'accumsan felis ut at dolor', 'In hac habitasse platea dictumst. Morbi vestibulum, velit id pretium iaculis, diam erat fermentum justo, nec condimentum neque sapien placerat ante. Nulla justo.', 5, 50, 'd17b4c24-956b-4474-b21d-a2606b9cdd10');
insert into feature (id, code, project_id, release_id, name, description, estimation, pct_completed, feature_status_id) values ('228bdf9d-7c7d-4a09-8ea8-57f25f2bb70e', '00000037', '7aca8ada-b3a8-11e8-96f8-529269fb1459', '0a196fbc-b403-11e8-96f8-529269fb1459', 'mi pede malesuada in imperdiet et commodo', 'Proin eu mi. Nulla ac enim. In tempor, turpis nec euismod scelerisque, quam turpis adipiscing lorem, vitae mattis nibh ligula nec sem. Duis aliquam convallis nunc. Proin at turpis a pede posuere nonummy.', 55, 50, '5f75c2a1-5233-4132-b29f-20fa5fd1e42f');
insert into feature (id, code, project_id, release_id, name, description, estimation, pct_completed, feature_status_id) values ('0ec7eb0e-422c-4ec4-bdd1-ea43a23fdb7d', '00000038', '7aca8ada-b3a8-11e8-96f8-529269fb1459', '0a196fbc-b403-11e8-96f8-529269fb1459', 'eleifend pede libero quis orci nullam molestie nibh', 'In eleifend quam a odio. In hac habitasse platea dictumst.', 5, 30, 'a59835be-f2f8-4c88-b539-b9b03d4c72f9');
insert into feature (id, code, project_id, release_id, name, description, estimation, pct_completed, feature_status_id) values ('900a36bb-fb90-4d27-bf26-b5d2860b2d27', '00000039', '7aca8ada-b3a8-11e8-96f8-529269fb1459', '0a196fbc-b403-11e8-96f8-529269fb1459', 'sit amet sem fusce', 'Nulla tempus. Vivamus in felis eu sapien cursus vestibulum. Proin eu mi. Nulla ac enim.', 21, 100, 'c9744fbf-1597-4d7f-8bd0-2a134a1bda42');
insert into feature (id, code, project_id, release_id, name, description, estimation, pct_completed, feature_status_id) values ('854403eb-a849-4c35-9da8-47645b81e500', '00000040', '7aca8ada-b3a8-11e8-96f8-529269fb1459', '0a196fbc-b403-11e8-96f8-529269fb1459', 'ipsum integer a nibh in quis justo maecenas', 'Aenean auctor gravida sem. Praesent id massa id nisl venenatis lacinia.', 5, 50, 'd17b4c24-956b-4474-b21d-a2606b9cdd10');
insert into feature (id, code, project_id, release_id, name, description, estimation, pct_completed, feature_status_id) values ('17de110f-c9e1-4635-a10b-16e71f2022b0', '00000041', '7aca8ada-b3a8-11e8-96f8-529269fb1459', '0a196fbc-b403-11e8-96f8-529269fb1459', 'pellentesque ultrices phasellus id', 'Cras mi pede, malesuada in, imperdiet et, commodo vulputate, justo. In blandit ultrices enim.', 8, 100, '5f75c2a1-5233-4132-b29f-20fa5fd1e42f');
insert into feature (id, code, project_id, release_id, name, description, estimation, pct_completed, feature_status_id) values ('15ed88fc-1a27-4021-a1b8-a4eda61a575a', '00000042', '7aca8ada-b3a8-11e8-96f8-529269fb1459', '0a196fbc-b403-11e8-96f8-529269fb1459', 'sociis natoque penatibus', 'Aenean sit amet justo. Morbi ut odio. Cras mi pede, malesuada in, imperdiet et, commodo vulputate, justo.', 8, 40, 'd17b4c24-956b-4474-b21d-a2606b9cdd10');
insert into feature (id, code, project_id, release_id, name, description, estimation, pct_completed, feature_status_id) values ('32a8193f-9e55-465c-838d-4e4c4b95805d', '00000043', '7aca8ada-b3a8-11e8-96f8-529269fb1459', '0a196fbc-b403-11e8-96f8-529269fb1459', 'lorem id ligula suspendisse', 'In blandit ultrices enim.', 2, 10, 'd17b4c24-956b-4474-b21d-a2606b9cdd10');
insert into feature (id, code, project_id, release_id, name, description, estimation, pct_completed, feature_status_id) values ('73e2477f-8366-4525-98cc-99adf175117f', '00000044', '7aca8ada-b3a8-11e8-96f8-529269fb1459', '0a196fbc-b403-11e8-96f8-529269fb1459', 'nunc proin at turpis a', 'Morbi sem mauris, laoreet ut, rhoncus aliquet, pulvinar sed, nisl. Nunc rhoncus dui vel sem. Sed sagittis.', 35, 50, 'c9744fbf-1597-4d7f-8bd0-2a134a1bda42');
insert into feature (id, code, project_id, release_id, name, description, estimation, pct_completed, feature_status_id) values ('f2d90cf0-3671-4008-b96e-64917f02bf1b', '00000045', '7aca8ada-b3a8-11e8-96f8-529269fb1459', '0a196fbc-b403-11e8-96f8-529269fb1459', 'amet eleifend pede libero quis orci nullam molestie', 'Morbi a ipsum. Integer a nibh. In quis justo. Maecenas rhoncus aliquam lacus. Morbi quis tortor id nulla ultrices aliquet.', 13, 40, '5f75c2a1-5233-4132-b29f-20fa5fd1e42f');
insert into feature (id, code, project_id, release_id, name, description, estimation, pct_completed, feature_status_id) values ('8fecb480-7e4c-440d-8edc-72154c8356c5', '00000046', '7aca8ada-b3a8-11e8-96f8-529269fb1459', '0a196fbc-b403-11e8-96f8-529269fb1459', 'sit amet turpis elementum ligula', 'Etiam justo. Etiam pretium iaculis justo.', 1, 60, 'c9744fbf-1597-4d7f-8bd0-2a134a1bda42');
insert into feature (id, code, project_id, release_id, name, description, estimation, pct_completed, feature_status_id) values ('989e702a-5d89-4947-a41f-0ef665a627eb', '00000047', '7aca8ada-b3a8-11e8-96f8-529269fb1459', '0a196fbc-b403-11e8-96f8-529269fb1459', 'vestibulum sit amet', 'Nam nulla. Integer pede justo, lacinia eget, tincidunt eget, tempus vel, pede. Morbi porttitor lorem id ligula. Suspendisse ornare consequat lectus.', 35, 70, 'd17b4c24-956b-4474-b21d-a2606b9cdd10');
insert into feature (id, code, project_id, release_id, name, description, estimation, pct_completed, feature_status_id) values ('50505bc1-e875-4ac3-86c6-0915cf0baf9b', '00000048', '7aca8ada-b3a8-11e8-96f8-529269fb1459', '0a196fbc-b403-11e8-96f8-529269fb1459', 'ligula nec sem duis aliquam convallis', 'Curabitur at ipsum ac tellus semper interdum. Mauris ullamcorper purus sit amet nulla. Quisque arcu libero, rutrum ac, lobortis vel, dapibus at, diam. Nam tristique tortor eu pede.', 55, 80, 'd17b4c24-956b-4474-b21d-a2606b9cdd10');
insert into feature (id, code, project_id, release_id, name, description, estimation, pct_completed, feature_status_id) values ('8908f771-a561-450e-b754-ba8be4341395', '00000049', '7aca8ada-b3a8-11e8-96f8-529269fb1459', '0a196fbc-b403-11e8-96f8-529269fb1459', 'in quis justo maecenas', 'Fusce lacus purus, aliquet at, feugiat non, pretium quis, lectus. Suspendisse potenti.', 8, 70, 'c9744fbf-1597-4d7f-8bd0-2a134a1bda42');
insert into feature (id, code, project_id, release_id, name, description, estimation, pct_completed, feature_status_id) values ('ade46f6b-5847-42df-991b-a79ac7cb0b55', '00000050', '7aca8ada-b3a8-11e8-96f8-529269fb1459', '0a196fbc-b403-11e8-96f8-529269fb1459', 'hac habitasse platea dictumst morbi vestibulum velit id', 'Quisque erat eros, viverra eget, congue eget, semper rutrum, nulla.', 13, 60, 'd17b4c24-956b-4474-b21d-a2606b9cdd10');
insert into feature (id, code, project_id, release_id, name, description, estimation, pct_completed, feature_status_id) values ('da4fb315-a6b0-4023-9c0d-c70a355698f7', '00000051', '7aca8ada-b3a8-11e8-96f8-529269fb1459', '0a196fbc-b403-11e8-96f8-529269fb1459', 'eget semper rutrum nulla nunc', 'Etiam pretium iaculis justo. In hac habitasse platea dictumst.', 1, 100, '5f75c2a1-5233-4132-b29f-20fa5fd1e42f');
insert into feature (id, code, project_id, release_id, name, description, estimation, pct_completed, feature_status_id) values ('49230669-0d59-43b2-9c99-0dad726815ca', '00000052', '7aca8ada-b3a8-11e8-96f8-529269fb1459', '0a196fbc-b403-11e8-96f8-529269fb1459', 'erat id mauris vulputate elementum nullam varius', 'Integer ac leo. Pellentesque ultrices mattis odio. Donec vitae nisi.', 2, 70, 'd17b4c24-956b-4474-b21d-a2606b9cdd10');
insert into feature (id, code, project_id, release_id, name, description, estimation, pct_completed, feature_status_id) values ('b5b1e62e-bd31-4a44-b37d-8d939920e561', '00000053', '7aca8ada-b3a8-11e8-96f8-529269fb1459', '0a196fbc-b403-11e8-96f8-529269fb1459', 'quis odio consequat varius integer', 'Integer ac leo. Pellentesque ultrices mattis odio.', 1, 80, 'a59835be-f2f8-4c88-b539-b9b03d4c72f9');
insert into feature (id, code, project_id, release_id, name, description, estimation, pct_completed, feature_status_id) values ('67495ba3-2fe2-4b85-9fd3-0ae070339645', '00000054', '7aca8ada-b3a8-11e8-96f8-529269fb1459', '0a196fbc-b403-11e8-96f8-529269fb1459', 'in congue etiam justo etiam pretium iaculis justo', 'Aliquam sit amet diam in magna bibendum imperdiet. Nullam orci pede, venenatis non, sodales sed, tincidunt eu, felis. Fusce posuere felis sed lacus.', 3, 70, 'd17b4c24-956b-4474-b21d-a2606b9cdd10');
insert into feature (id, code, project_id, release_id, name, description, estimation, pct_completed, feature_status_id) values ('b97c6716-8c2c-4191-af3e-d5e7bd0148a2', '00000055', '7aca8ada-b3a8-11e8-96f8-529269fb1459', '0a196fbc-b403-11e8-96f8-529269fb1459', 'posuere felis sed lacus morbi', 'Phasellus id sapien in sapien iaculis congue. Vivamus metus arcu, adipiscing molestie, hendrerit at, vulputate vitae, nisl. Aenean lectus. Pellentesque eget nunc.', 8, 10, 'c9744fbf-1597-4d7f-8bd0-2a134a1bda42');
insert into feature (id, code, project_id, release_id, name, description, estimation, pct_completed, feature_status_id) values ('eeade767-ea35-4059-a54d-dbfbad62c97d', '00000056', '7aca8ada-b3a8-11e8-96f8-529269fb1459', '0a196fbc-b403-11e8-96f8-529269fb1459', 'vivamus in felis eu sapien cursus', 'Nulla tellus. In sagittis dui vel nisl. Duis ac nibh. Fusce lacus purus, aliquet at, feugiat non, pretium quis, lectus.', 5, 20, 'd17b4c24-956b-4474-b21d-a2606b9cdd10');
insert into feature (id, code, project_id, release_id, name, description, estimation, pct_completed, feature_status_id) values ('6e41781a-18c9-4965-a59f-7253e6ef30bb', '00000057', '7aca8ada-b3a8-11e8-96f8-529269fb1459', '0a196fbc-b403-11e8-96f8-529269fb1459', 'vivamus vel nulla eget eros', 'Morbi non lectus. Aliquam sit amet diam in magna bibendum imperdiet.', 2, 20, 'c9744fbf-1597-4d7f-8bd0-2a134a1bda42');
insert into feature (id, code, project_id, release_id, name, description, estimation, pct_completed, feature_status_id) values ('c93aace4-df7d-43f3-ae2e-b6e7a76fe3ef', '00000058', '7aca8ada-b3a8-11e8-96f8-529269fb1459', '0a196fbc-b403-11e8-96f8-529269fb1459', 'non lectus aliquam sit amet', 'Proin leo odio, porttitor id, consequat in, consequat ut, nulla. Sed accumsan felis.', 1, 30, 'd17b4c24-956b-4474-b21d-a2606b9cdd10');
insert into feature (id, code, project_id, release_id, name, description, estimation, pct_completed, feature_status_id) values ('1faf23df-02af-4b0c-84b4-dd06288e3c0b', '00000059', '7aca8ada-b3a8-11e8-96f8-529269fb1459', '0a196fbc-b403-11e8-96f8-529269fb1459', 'potenti in eleifend quam a odio', 'Morbi porttitor lorem id ligula.', 13, 80, 'a59835be-f2f8-4c88-b539-b9b03d4c72f9');
insert into feature (id, code, project_id, release_id, name, description, estimation, pct_completed, feature_status_id) values ('70d71b17-1492-4ef9-a2cb-74146c095d68', '00000060', '7aca8ada-b3a8-11e8-96f8-529269fb1459', '0a196fbc-b403-11e8-96f8-529269fb1459', 'quis justo maecenas rhoncus aliquam', 'Maecenas ut massa quis augue luctus tincidunt.', 55, 50, '5f75c2a1-5233-4132-b29f-20fa5fd1e42f');
insert into feature (id, code, project_id, release_id, name, description, estimation, pct_completed, feature_status_id) values ('2f08d9ac-254d-46d1-b569-e9ec0b91876a', '00000061', '7aca8ada-b3a8-11e8-96f8-529269fb1459', '0a196fbc-b403-11e8-96f8-529269fb1459', 'aliquam sit amet diam in magna bibendum imperdiet', 'Nam congue, risus semper porta volutpat, quam pede lobortis ligula, sit amet eleifend pede libero quis orci. Nullam molestie nibh in lectus. Pellentesque at nulla.', 35, 10, 'd17b4c24-956b-4474-b21d-a2606b9cdd10');
insert into feature (id, code, project_id, release_id, name, description, estimation, pct_completed, feature_status_id) values ('1ffba82e-b3f3-4264-9d9b-7e33dd76487d', '00000062', '7aca8ada-b3a8-11e8-96f8-529269fb1459', '0a196fbc-b403-11e8-96f8-529269fb1459', 'donec ut mauris eget massa', 'Morbi a ipsum. Integer a nibh. In quis justo. Maecenas rhoncus aliquam lacus. Morbi quis tortor id nulla ultrices aliquet.', 13, 40, '5f75c2a1-5233-4132-b29f-20fa5fd1e42f');
insert into feature (id, code, project_id, release_id, name, description, estimation, pct_completed, feature_status_id) values ('d1e943a9-2bee-425a-bff6-16fe08ef459d', '00000063', '7aca8ada-b3a8-11e8-96f8-529269fb1459', '0a196fbc-b403-11e8-96f8-529269fb1459', 'vulputate luctus cum sociis', 'Nulla tempus. Vivamus in felis eu sapien cursus vestibulum. Proin eu mi. Nulla ac enim. In tempor, turpis nec euismod scelerisque, quam turpis adipiscing lorem, vitae mattis nibh ligula nec sem.', 8, 30, 'd17b4c24-956b-4474-b21d-a2606b9cdd10');
insert into feature (id, code, project_id, release_id, name, description, estimation, pct_completed, feature_status_id) values ('4887a4aa-aa37-4b2d-a947-f660c12d932f', '00000064', '7aca8ada-b3a8-11e8-96f8-529269fb1459', '0a196fbc-b403-11e8-96f8-529269fb1459', 'morbi a ipsum integer a nibh in', 'Vestibulum ante ipsum primis in faucibus orci luctus et ultrices posuere cubilia Curae; Donec pharetra, magna vestibulum aliquet ultrices, erat tortor sollicitudin mi, sit amet lobortis sapien sapien non mi. Integer ac neque. Duis bibendum.', 55, 100, '5f75c2a1-5233-4132-b29f-20fa5fd1e42f');
insert into feature (id, code, project_id, release_id, name, description, estimation, pct_completed, feature_status_id) values ('fe02a711-66a9-46e6-98e0-f6f7108f4ca9', '00000065', '7aca8ada-b3a8-11e8-96f8-529269fb1459', '0a196fbc-b403-11e8-96f8-529269fb1459', 'in sapien iaculis congue', 'Duis aliquam convallis nunc. Proin at turpis a pede posuere nonummy. Integer non velit. Donec diam neque, vestibulum eget, vulputate ut, ultrices vel, augue. Vestibulum ante ipsum primis in faucibus orci luctus et ultrices posuere cubilia Curae; Donec pharetra, magna vestibulum aliquet ultrices, erat tortor sollicitudin mi, sit amet lobortis sapien sapien non mi.', 35, 70, 'd17b4c24-956b-4474-b21d-a2606b9cdd10');
insert into feature (id, code, project_id, release_id, name, description, estimation, pct_completed, feature_status_id) values ('6441dc7e-ba8b-4747-b2ea-c53b8943d54b', '00000066', '7aca8ada-b3a8-11e8-96f8-529269fb1459', '0a196fbc-b403-11e8-96f8-529269fb1459', 'magnis dis parturient montes nascetur ridiculus mus vivamus', 'Vivamus vel nulla eget eros elementum pellentesque. Quisque porta volutpat erat.', 55, 20, 'd17b4c24-956b-4474-b21d-a2606b9cdd10');
insert into feature (id, code, project_id, release_id, name, description, estimation, pct_completed, feature_status_id) values ('67842590-e11d-434f-890e-954bfae43142', '00000067', '7aca8ada-b3a8-11e8-96f8-529269fb1459', '0a196fbc-b403-11e8-96f8-529269fb1459', 'nec nisi vulputate nonummy', 'In hac habitasse platea dictumst. Etiam faucibus cursus urna. Ut tellus. Nulla ut erat id mauris vulputate elementum. Nullam varius.', 1, 90, 'a59835be-f2f8-4c88-b539-b9b03d4c72f9');
insert into feature (id, code, project_id, release_id, name, description, estimation, pct_completed, feature_status_id) values ('a41a068e-20b3-41df-92e7-3f3c5abe7a73', '00000068', '7aca8ada-b3a8-11e8-96f8-529269fb1459', '0a196fbc-b403-11e8-96f8-529269fb1459', 'nulla ultrices aliquet maecenas leo odio', 'Vestibulum ante ipsum primis in faucibus orci luctus et ultrices posuere cubilia Curae; Mauris viverra diam vitae quam. Suspendisse potenti. Nullam porttitor lacus at turpis. Donec posuere metus vitae ipsum.', 5, 100, 'd17b4c24-956b-4474-b21d-a2606b9cdd10');
insert into feature (id, code, project_id, release_id, name, description, estimation, pct_completed, feature_status_id) values ('9944d96d-e205-4ee0-b0b4-b16cb5d1632e', '00000069', '7aca8ada-b3a8-11e8-96f8-529269fb1459', '0a196fbc-b403-11e8-96f8-529269fb1459', 'mauris eget massa tempor convallis', 'Nullam orci pede, venenatis non, sodales sed, tincidunt eu, felis. Fusce posuere felis sed lacus. Morbi sem mauris, laoreet ut, rhoncus aliquet, pulvinar sed, nisl.', 2, 10, 'd17b4c24-956b-4474-b21d-a2606b9cdd10');
insert into feature (id, code, project_id, release_id, name, description, estimation, pct_completed, feature_status_id) values ('dc39611d-ce10-4d44-9516-053c55653984', '00000070', '7aca8ada-b3a8-11e8-96f8-529269fb1459', '0a196fbc-b403-11e8-96f8-529269fb1459', 'at velit eu est congue elementum in', 'Nunc purus. Phasellus in felis.', 5, 30, '5f75c2a1-5233-4132-b29f-20fa5fd1e42f');
insert into feature (id, code, project_id, release_id, name, description, estimation, pct_completed, feature_status_id) values ('26d5b681-a122-4a7e-8a00-1a52204d8765', '00000071', '7aca8ada-b3a8-11e8-96f8-529269fb1459', '0a196fbc-b403-11e8-96f8-529269fb1459', 'id sapien in sapien iaculis congue vivamus', 'Nunc purus. Phasellus in felis. Donec semper sapien a libero.', 8, 60, 'a59835be-f2f8-4c88-b539-b9b03d4c72f9');
insert into feature (id, code, project_id, release_id, name, description, estimation, pct_completed, feature_status_id) values ('081a10b3-2167-42da-adf7-c377455a3d03', '00000072', '7aca8ada-b3a8-11e8-96f8-529269fb1459', '0a196fbc-b403-11e8-96f8-529269fb1459', 'in libero ut massa', 'Donec dapibus. Duis at velit eu est congue elementum. In hac habitasse platea dictumst. Morbi vestibulum, velit id pretium iaculis, diam erat fermentum justo, nec condimentum neque sapien placerat ante.', 13, 20, 'd17b4c24-956b-4474-b21d-a2606b9cdd10');
insert into feature (id, code, project_id, release_id, name, description, estimation, pct_completed, feature_status_id) values ('75ce4917-6c0e-4277-84ef-22e2086e5db6', '00000073', '7aca8ada-b3a8-11e8-96f8-529269fb1459', '0a196fbc-b403-11e8-96f8-529269fb1459', 'volutpat convallis morbi odio odio', 'Praesent id massa id nisl venenatis lacinia.', 3, 40, 'a59835be-f2f8-4c88-b539-b9b03d4c72f9');
insert into feature (id, code, project_id, release_id, name, description, estimation, pct_completed, feature_status_id) values ('58b128d8-5917-47ae-a87b-c17401097e10', '00000074', '7aca8ada-b3a8-11e8-96f8-529269fb1459', '0a196fbc-b403-11e8-96f8-529269fb1459', 'massa id nisl venenatis lacinia aenean', 'Lorem ipsum dolor sit amet, consectetuer adipiscing elit. Proin interdum mauris non ligula pellentesque ultrices. Phasellus id sapien in sapien iaculis congue. Vivamus metus arcu, adipiscing molestie, hendrerit at, vulputate vitae, nisl. Aenean lectus.', 3, 90, '5f75c2a1-5233-4132-b29f-20fa5fd1e42f');
insert into feature (id, code, project_id, release_id, name, description, estimation, pct_completed, feature_status_id) values ('df972381-a1fa-4600-b767-a4c0e0065aea', '00000075', '7aca8ada-b3a8-11e8-96f8-529269fb1459', '0a196fbc-b403-11e8-96f8-529269fb1459', 'accumsan tortor quis turpis sed ante vivamus tortor', 'Pellentesque ultrices mattis odio. Donec vitae nisi.', 1, 30, 'c9744fbf-1597-4d7f-8bd0-2a134a1bda42');
insert into feature (id, code, project_id, release_id, name, description, estimation, pct_completed, feature_status_id) values ('63c08777-43db-4e7b-8dc4-78bf10c44661', '00000076', '7aca8ada-b3a8-11e8-96f8-529269fb1459', '0a196fbc-b403-11e8-96f8-529269fb1459', 'cursus urna ut tellus nulla ut', 'Pellentesque ultrices mattis odio. Donec vitae nisi. Nam ultrices, libero non mattis pulvinar, nulla pede ullamcorper augue, a suscipit nulla elit ac nulla. Sed vel enim sit amet nunc viverra dapibus.', 13, 60, 'c9744fbf-1597-4d7f-8bd0-2a134a1bda42');
insert into feature (id, code, project_id, release_id, name, description, estimation, pct_completed, feature_status_id) values ('9d6b83cd-5591-48c1-bdf7-a63cd8f7b7d5', '00000077', '7aca8ada-b3a8-11e8-96f8-529269fb1459', '0a196fbc-b403-11e8-96f8-529269fb1459', 'orci luctus et', 'Ut at dolor quis odio consequat varius. Integer ac leo.', 5, 100, 'a59835be-f2f8-4c88-b539-b9b03d4c72f9');
insert into feature (id, code, project_id, release_id, name, description, estimation, pct_completed, feature_status_id) values ('3ce7c01a-9ff5-47ec-811a-1b4298837121', '00000078', '7aca8ada-b3a8-11e8-96f8-529269fb1459', '0a196fbc-b403-11e8-96f8-529269fb1459', 'rhoncus aliquet pulvinar sed nisl nunc', 'Praesent id massa id nisl venenatis lacinia.', 5, 80, 'c9744fbf-1597-4d7f-8bd0-2a134a1bda42');
insert into feature (id, code, project_id, release_id, name, description, estimation, pct_completed, feature_status_id) values ('92965fb4-3733-4687-842f-b702f83552d8', '00000079', '7aca8ada-b3a8-11e8-96f8-529269fb1459', '0a196fbc-b403-11e8-96f8-529269fb1459', 'tincidunt ante vel ipsum praesent blandit', 'Praesent id massa id nisl venenatis lacinia. Aenean sit amet justo.', 5, 50, 'a59835be-f2f8-4c88-b539-b9b03d4c72f9');
insert into feature (id, code, project_id, release_id, name, description, estimation, pct_completed, feature_status_id) values ('13942912-30a1-4db2-b696-aa685864f2c4', '00000080', '7aca8ada-b3a8-11e8-96f8-529269fb1459', '0a196fbc-b403-11e8-96f8-529269fb1459', 'orci luctus et ultrices', 'Praesent blandit.', 1, 80, 'd17b4c24-956b-4474-b21d-a2606b9cdd10');
insert into feature (id, code, project_id, release_id, name, description, estimation, pct_completed, feature_status_id) values ('2edb40e1-d936-44cd-9394-acf25986e72b', '00000081', '7aca8ada-b3a8-11e8-96f8-529269fb1459', '0a196fbc-b403-11e8-96f8-529269fb1459', 'a libero nam dui proin', 'In eleifend quam a odio.', 13, 30, '5f75c2a1-5233-4132-b29f-20fa5fd1e42f');
insert into feature (id, code, project_id, release_id, name, description, estimation, pct_completed, feature_status_id) values ('e009a202-c521-47df-9c22-03b165a498f2', '00000082', '7aca8ada-b3a8-11e8-96f8-529269fb1459', '0a196fbc-b403-11e8-96f8-529269fb1459', 'dapibus augue vel', 'In hac habitasse platea dictumst. Maecenas ut massa quis augue luctus tincidunt. Nulla mollis molestie lorem. Quisque ut erat.', 3, 60, 'd17b4c24-956b-4474-b21d-a2606b9cdd10');
insert into feature (id, code, project_id, release_id, name, description, estimation, pct_completed, feature_status_id) values ('581ffa9e-950b-4509-b377-1f15250306d0', '00000083', '7aca8ada-b3a8-11e8-96f8-529269fb1459', '0a196fbc-b403-11e8-96f8-529269fb1459', 'ante vel ipsum praesent blandit lacinia erat vestibulum', 'Phasellus id sapien in sapien iaculis congue. Vivamus metus arcu, adipiscing molestie, hendrerit at, vulputate vitae, nisl. Aenean lectus. Pellentesque eget nunc.', 21, 90, 'c9744fbf-1597-4d7f-8bd0-2a134a1bda42');
insert into feature (id, code, project_id, release_id, name, description, estimation, pct_completed, feature_status_id) values ('11c2439e-6537-4699-bedc-8f56f70f3544', '00000084', '7aca8ada-b3a8-11e8-96f8-529269fb1459', '0a196fbc-b403-11e8-96f8-529269fb1459', 'quis libero nullam', 'Donec vitae nisi. Nam ultrices, libero non mattis pulvinar, nulla pede ullamcorper augue, a suscipit nulla elit ac nulla. Sed vel enim sit amet nunc viverra dapibus.', 35, 60, 'a59835be-f2f8-4c88-b539-b9b03d4c72f9');
insert into feature (id, code, project_id, release_id, name, description, estimation, pct_completed, feature_status_id) values ('053502fe-9e3e-4ea0-a216-0519333624c5', '00000085', '7aca8ada-b3a8-11e8-96f8-529269fb1459', '0a196fbc-b403-11e8-96f8-529269fb1459', 'felis eu sapien cursus vestibulum', 'Donec quis orci eget orci vehicula condimentum. Curabitur in libero ut massa volutpat convallis. Morbi odio odio, elementum eu, interdum eu, tincidunt in, leo.', 21, 10, 'd17b4c24-956b-4474-b21d-a2606b9cdd10');
insert into feature (id, code, project_id, release_id, name, description, estimation, pct_completed, feature_status_id) values ('bc7eb5ff-bae0-46d3-a25e-204050efdeee', '00000086', '7aca8ada-b3a8-11e8-96f8-529269fb1459', '0a196fbc-b403-11e8-96f8-529269fb1459', 'dolor sit amet', 'Integer a nibh. In quis justo.', 3, 40, 'd17b4c24-956b-4474-b21d-a2606b9cdd10');
insert into feature (id, code, project_id, release_id, name, description, estimation, pct_completed, feature_status_id) values ('ae56169c-ac8b-424a-a07d-76fc3e9abe13', '00000087', '7aca8ada-b3a8-11e8-96f8-529269fb1459', '0a196fbc-b403-11e8-96f8-529269fb1459', 'dui nec nisi', 'Phasellus in felis.', 5, 90, 'c9744fbf-1597-4d7f-8bd0-2a134a1bda42');
insert into feature (id, code, project_id, release_id, name, description, estimation, pct_completed, feature_status_id) values ('9558ac45-7343-434d-ba3e-71284e851391', '00000088', '7aca8ada-b3a8-11e8-96f8-529269fb1459', '0a196fbc-b403-11e8-96f8-529269fb1459', 'in est risus auctor sed tristique in', 'Quisque porta volutpat erat.', 13, 80, 'a59835be-f2f8-4c88-b539-b9b03d4c72f9');
insert into feature (id, code, project_id, release_id, name, description, estimation, pct_completed, feature_status_id) values ('64266342-a64f-4713-b6e9-abc436c46216', '00000089', '7aca8ada-b3a8-11e8-96f8-529269fb1459', '0a196fbc-b403-11e8-96f8-529269fb1459', 'suspendisse accumsan tortor', 'Nulla facilisi. Cras non velit nec nisi vulputate nonummy. Maecenas tincidunt lacus at velit.', 2, 80, 'd17b4c24-956b-4474-b21d-a2606b9cdd10');
insert into feature (id, code, project_id, release_id, name, description, estimation, pct_completed, feature_status_id) values ('79f93165-b536-42fe-9abc-c04660112a63', '00000090', '7aca8ada-b3a8-11e8-96f8-529269fb1459', '0a196fbc-b403-11e8-96f8-529269fb1459', 'mi in porttitor', 'In est risus, auctor sed, tristique in, tempus sit amet, sem. Fusce consequat. Nulla nisl. Nunc nisl. Duis bibendum, felis sed interdum venenatis, turpis enim blandit mi, in porttitor pede justo eu massa.', 1, 50, 'd17b4c24-956b-4474-b21d-a2606b9cdd10');
insert into feature (id, code, project_id, release_id, name, description, estimation, pct_completed, feature_status_id) values ('84f95e67-ffc2-4911-83e4-06ef368f7ecd', '00000091', '7aca8ada-b3a8-11e8-96f8-529269fb1459', '0a196fbc-b403-11e8-96f8-529269fb1459', 'elementum in hac habitasse', 'Donec odio justo, sollicitudin ut, suscipit a, feugiat et, eros. Vestibulum ac est lacinia nisi venenatis tristique. Fusce congue, diam id ornare imperdiet, sapien urna pretium nisl, ut volutpat sapien arcu sed augue. Aliquam erat volutpat.', 13, 100, '5f75c2a1-5233-4132-b29f-20fa5fd1e42f');
insert into feature (id, code, project_id, release_id, name, description, estimation, pct_completed, feature_status_id) values ('edc5dfee-02a4-4404-a1ec-32298a362059', '00000092', '7aca8ada-b3a8-11e8-96f8-529269fb1459', '0a196fbc-b403-11e8-96f8-529269fb1459', 'leo pellentesque ultrices mattis odio', 'Sed vel enim sit amet nunc viverra dapibus. Nulla suscipit ligula in lacus. Curabitur at ipsum ac tellus semper interdum.', 21, 100, 'a59835be-f2f8-4c88-b539-b9b03d4c72f9');
insert into feature (id, code, project_id, release_id, name, description, estimation, pct_completed, feature_status_id) values ('8b0ef366-3b0c-4f24-bb69-b1a38be92cf1', '00000093', '7aca8ada-b3a8-11e8-96f8-529269fb1459', '0a196fbc-b403-11e8-96f8-529269fb1459', 'vel ipsum praesent blandit lacinia', 'Morbi odio odio, elementum eu, interdum eu, tincidunt in, leo. Maecenas pulvinar lobortis est.', 35, 80, 'd17b4c24-956b-4474-b21d-a2606b9cdd10');
insert into feature (id, code, project_id, release_id, name, description, estimation, pct_completed, feature_status_id) values ('0521b5e0-0099-44da-ae35-864023933d69', '00000094', '7aca8ada-b3a8-11e8-96f8-529269fb1459', '0a196fbc-b403-11e8-96f8-529269fb1459', 'nisl duis ac nibh fusce lacus purus', 'Curabitur gravida nisi at nibh. In hac habitasse platea dictumst. Aliquam augue quam, sollicitudin vitae, consectetuer eget, rutrum at, lorem. Integer tincidunt ante vel ipsum.', 1, 10, 'c9744fbf-1597-4d7f-8bd0-2a134a1bda42');
insert into feature (id, code, project_id, release_id, name, description, estimation, pct_completed, feature_status_id) values ('cdcb3664-1613-4e41-a90d-73716262298a', '00000095', '7aca8ada-b3a8-11e8-96f8-529269fb1459', '0a196fbc-b403-11e8-96f8-529269fb1459', 'leo odio condimentum id luctus', 'Maecenas tincidunt lacus at velit. Vivamus vel nulla eget eros elementum pellentesque. Quisque porta volutpat erat. Quisque erat eros, viverra eget, congue eget, semper rutrum, nulla.', 5, 40, '5f75c2a1-5233-4132-b29f-20fa5fd1e42f');
insert into feature (id, code, project_id, release_id, name, description, estimation, pct_completed, feature_status_id) values ('acf89b01-edbc-43e8-b6b0-89fd0ce17dcb', '00000096', '7aca8ada-b3a8-11e8-96f8-529269fb1459', '0a196fbc-b403-11e8-96f8-529269fb1459', 'molestie lorem quisque', 'Mauris sit amet eros. Suspendisse accumsan tortor quis turpis. Sed ante.', 55, 70, 'd17b4c24-956b-4474-b21d-a2606b9cdd10');
insert into feature (id, code, project_id, release_id, name, description, estimation, pct_completed, feature_status_id) values ('910d15de-4166-4795-8786-613afaf1c2da', '00000097', '7aca8ada-b3a8-11e8-96f8-529269fb1459', '0a196fbc-b403-11e8-96f8-529269fb1459', 'vestibulum quam sapien varius ut blandit non', 'Nullam porttitor lacus at turpis.', 55, 60, 'a59835be-f2f8-4c88-b539-b9b03d4c72f9');
insert into feature (id, code, project_id, release_id, name, description, estimation, pct_completed, feature_status_id) values ('c8ef5d3a-ccb6-49e6-a789-6ff43e3a5567', '00000098', '7aca8ada-b3a8-11e8-96f8-529269fb1459', '0a196fbc-b403-11e8-96f8-529269fb1459', 'massa id nisl venenatis lacinia aenean sit', 'Donec posuere metus vitae ipsum. Aliquam non mauris. Morbi non lectus. Aliquam sit amet diam in magna bibendum imperdiet.', 55, 20, 'd17b4c24-956b-4474-b21d-a2606b9cdd10');
insert into feature (id, code, project_id, release_id, name, description, estimation, pct_completed, feature_status_id) values ('2b2e304f-9923-4f48-8836-41fbfc184fc3', '00000099', '7aca8ada-b3a8-11e8-96f8-529269fb1459', '0a196fbc-b403-11e8-96f8-529269fb1459', 'eleifend quam a odio in', 'Integer pede justo, lacinia eget, tincidunt eget, tempus vel, pede. Morbi porttitor lorem id ligula. Suspendisse ornare consequat lectus. In est risus, auctor sed, tristique in, tempus sit amet, sem. Fusce consequat.', 8, 50, '5f75c2a1-5233-4132-b29f-20fa5fd1e42f');
insert into feature (id, code, project_id, release_id, name, description, estimation, pct_completed, feature_status_id) values ('b06da688-8443-4066-ae96-3325361fb1fe', '00000100', '7aca8ada-b3a8-11e8-96f8-529269fb1459', '0a196fbc-b403-11e8-96f8-529269fb1459', 'nunc viverra dapibus nulla suscipit', 'Fusce consequat. Nulla nisl. Nunc nisl. Duis bibendum, felis sed interdum venenatis, turpis enim blandit mi, in porttitor pede justo eu massa.', 3, 80, '5f75c2a1-5233-4132-b29f-20fa5fd1e42f');

insert into team values ('4fb4cec6-c0c5-11e8-a355-529269fb1459', 'Team Alpha');
insert into team values ('4fb4d272-c0c5-11e8-a355-529269fb1459', 'Team Beta');

insert into team_project values ('4fb4cec6-c0c5-11e8-a355-529269fb1459', '7aca8ada-b3a8-11e8-96f8-529269fb1459');
insert into team_project values ('4fb4cec6-c0c5-11e8-a355-529269fb1459', '7aca9476-b3a8-11e8-96f8-529269fb1459');