insert into project values ('7aca8ada-b3a8-11e8-96f8-529269fb1459', 'Super Nice Product', NULL);
insert into project values ('7aca8eae-b3a8-11e8-96f8-529269fb1459', 'Acme Legacy System', NULL);
insert into project values ('7aca9476-b3a8-11e8-96f8-529269fb1459', 'Awesome Office Suite', NULL);

insert into release values ('0a196fbc-b403-11e8-96f8-529269fb1459', '7aca8ada-b3a8-11e8-96f8-529269fb1459', '1.0.0');
insert into release values ('0a1975ac-b403-11e8-96f8-529269fb1459', '7aca8ada-b3a8-11e8-96f8-529269fb1459', '1.1.0');
insert into release values ('0a197872-b403-11e8-96f8-529269fb1459', '7aca8ada-b3a8-11e8-96f8-529269fb1459', '1.2.0');

insert into release values ('4fb4d4d4-c0c5-11e8-a355-529269fb1459', '7aca9476-b3a8-11e8-96f8-529269fb1459', '1.0.0');

insert into feature_status values ('c9744fbf-1597-4d7f-8bd0-2a134a1bda42', 'Defined');
insert into feature_status values ('5f75c2a1-5233-4132-b29f-20fa5fd1e42f', 'In Progess');
insert into feature_status values ('d17b4c24-956b-4474-b21d-a2606b9cdd10', 'Completed');
insert into feature_status values ('a59835be-f2f8-4c88-b539-b9b03d4c72f9', 'Accepted');

-- features
insert into feature (id, code, project_id, release_id, name, description, feature_status_id) values ('b0111f15-df21-48bc-97de-9a88a533f454', '00000001', '7aca8ada-b3a8-11e8-96f8-529269fb1459', '0a196fbc-b403-11e8-96f8-529269fb1459', 'erat tortor sollicitudin', 'Ut tellus. Nulla ut erat id mauris vulputate elementum.', '5f75c2a1-5233-4132-b29f-20fa5fd1e42f');
insert into feature (id, code, project_id, release_id, name, description, feature_status_id) values ('272db257-ae35-4571-9686-d40bd66952a3', '00000002', '7aca8ada-b3a8-11e8-96f8-529269fb1459', '0a196fbc-b403-11e8-96f8-529269fb1459', 'ultrices enim lorem', 'Phasellus in felis. Donec semper sapien a libero. Nam dui. Proin leo odio, porttitor id, consequat in, consequat ut, nulla. Sed accumsan felis.', 'a59835be-f2f8-4c88-b539-b9b03d4c72f9');
insert into feature (id, code, project_id, release_id, name, description, feature_status_id) values ('d95dcd23-235d-49b0-b9bd-c91955bb5018', '00000003', '7aca8ada-b3a8-11e8-96f8-529269fb1459', '0a196fbc-b403-11e8-96f8-529269fb1459', 'justo maecenas rhoncus aliquam lacus morbi', 'Praesent lectus. Vestibulum quam sapien, varius ut, blandit non, interdum in, ante.', '5f75c2a1-5233-4132-b29f-20fa5fd1e42f');
insert into feature (id, code, project_id, release_id, name, description, feature_status_id) values ('9eb8f836-8945-4e7a-b6f2-c1ff27f7cf7b', '00000004', '7aca8ada-b3a8-11e8-96f8-529269fb1459', '0a196fbc-b403-11e8-96f8-529269fb1459', 'rhoncus dui vel sem sed sagittis', 'Morbi vel lectus in quam fringilla rhoncus. Mauris enim leo, rhoncus sed, vestibulum sit amet, cursus id, turpis. Integer aliquet, massa id lobortis convallis, tortor risus dapibus augue, vel accumsan tellus nisi eu orci. Mauris lacinia sapien quis libero.', 'a59835be-f2f8-4c88-b539-b9b03d4c72f9');
insert into feature (id, code, project_id, release_id, name, description, feature_status_id) values ('f8bfd2ed-8950-4f80-ae3e-1d60fd95e2bd', '00000005', '7aca8ada-b3a8-11e8-96f8-529269fb1459', '0a196fbc-b403-11e8-96f8-529269fb1459', 'vestibulum sagittis sapien cum sociis natoque penatibus et', 'Maecenas tincidunt lacus at velit. Vivamus vel nulla eget eros elementum pellentesque. Quisque porta volutpat erat. Quisque erat eros, viverra eget, congue eget, semper rutrum, nulla.', 'c9744fbf-1597-4d7f-8bd0-2a134a1bda42');
insert into feature (id, code, project_id, release_id, name, description, feature_status_id) values ('b0340543-f5a2-4056-b6c9-6c672f0f5e32', '00000006', '7aca8ada-b3a8-11e8-96f8-529269fb1459', '0a196fbc-b403-11e8-96f8-529269fb1459', 'aenean auctor gravida', 'Nunc nisl. Duis bibendum, felis sed interdum venenatis, turpis enim blandit mi, in porttitor pede justo eu massa. Donec dapibus. Duis at velit eu est congue elementum.', 'c9744fbf-1597-4d7f-8bd0-2a134a1bda42');
insert into feature (id, code, project_id, release_id, name, description, feature_status_id) values ('b47f0d7b-a679-4783-ab7f-9572be599072', '00000007', '7aca8ada-b3a8-11e8-96f8-529269fb1459', '0a196fbc-b403-11e8-96f8-529269fb1459', 'aenean fermentum donec', 'Nulla nisl. Nunc nisl. Duis bibendum, felis sed interdum venenatis, turpis enim blandit mi, in porttitor pede justo eu massa. Donec dapibus. Duis at velit eu est congue elementum.', 'a59835be-f2f8-4c88-b539-b9b03d4c72f9');
insert into feature (id, code, project_id, release_id, name, description, feature_status_id) values ('ae002a66-83ce-42a3-a3eb-b78e8f1a4ba5', '00000008', '7aca8ada-b3a8-11e8-96f8-529269fb1459', '0a196fbc-b403-11e8-96f8-529269fb1459', 'id nulla ultrices', 'Proin interdum mauris non ligula pellentesque ultrices.', 'd17b4c24-956b-4474-b21d-a2606b9cdd10');
insert into feature (id, code, project_id, release_id, name, description, feature_status_id) values ('f8a6bebc-e1b4-46ed-ac4b-c1c01cf965bd', '00000009', '7aca8ada-b3a8-11e8-96f8-529269fb1459', '0a196fbc-b403-11e8-96f8-529269fb1459', 'et eros vestibulum ac est', 'Mauris enim leo, rhoncus sed, vestibulum sit amet, cursus id, turpis. Integer aliquet, massa id lobortis convallis, tortor risus dapibus augue, vel accumsan tellus nisi eu orci. Mauris lacinia sapien quis libero. Nullam sit amet turpis elementum ligula vehicula consequat. Morbi a ipsum.', 'd17b4c24-956b-4474-b21d-a2606b9cdd10');
insert into feature (id, code, project_id, release_id, name, description, feature_status_id) values ('6832f7f7-86ac-494a-835a-ecab0064b4f6', '00000010', '7aca8ada-b3a8-11e8-96f8-529269fb1459', '0a196fbc-b403-11e8-96f8-529269fb1459', 'ipsum aliquam non mauris', 'Lorem ipsum dolor sit amet, consectetuer adipiscing elit. Proin interdum mauris non ligula pellentesque ultrices. Phasellus id sapien in sapien iaculis congue. Vivamus metus arcu, adipiscing molestie, hendrerit at, vulputate vitae, nisl.', 'a59835be-f2f8-4c88-b539-b9b03d4c72f9');
insert into feature (id, code, project_id, release_id, name, description, feature_status_id) values ('52f1d70c-e60a-439f-8b34-b8b6522a3b0b', '00000011', '7aca8ada-b3a8-11e8-96f8-529269fb1459', '0a196fbc-b403-11e8-96f8-529269fb1459', 'in purus eu magna', 'Pellentesque viverra pede ac diam. Cras pellentesque volutpat dui. Maecenas tristique, est et tempus semper, est quam pharetra magna, ac consequat metus sapien ut nunc.', 'd17b4c24-956b-4474-b21d-a2606b9cdd10');
insert into feature (id, code, project_id, release_id, name, description, feature_status_id) values ('2709c7fa-be7d-4dce-96d9-8e7dbe6c74fb', '00000012', '7aca8ada-b3a8-11e8-96f8-529269fb1459', '0a196fbc-b403-11e8-96f8-529269fb1459', 'pellentesque viverra pede ac diam cras', 'Maecenas pulvinar lobortis est. Phasellus sit amet erat. Nulla tempus. Vivamus in felis eu sapien cursus vestibulum. Proin eu mi.', 'a59835be-f2f8-4c88-b539-b9b03d4c72f9');
insert into feature (id, code, project_id, release_id, name, description, feature_status_id) values ('43313ab9-3200-4ae6-a14f-b1ebf3527482', '00000013', '7aca8ada-b3a8-11e8-96f8-529269fb1459', '0a196fbc-b403-11e8-96f8-529269fb1459', 'magna vulputate luctus cum sociis', 'Aliquam erat volutpat. In congue. Etiam justo. Etiam pretium iaculis justo.', 'd17b4c24-956b-4474-b21d-a2606b9cdd10');
insert into feature (id, code, project_id, release_id, name, description, feature_status_id) values ('a3aba1c5-2b9e-4362-bf67-2a76c196600c', '00000014', '7aca8ada-b3a8-11e8-96f8-529269fb1459', '0a196fbc-b403-11e8-96f8-529269fb1459', 'in faucibus orci', 'Morbi ut odio. Cras mi pede, malesuada in, imperdiet et, commodo vulputate, justo. In blandit ultrices enim.', 'a59835be-f2f8-4c88-b539-b9b03d4c72f9');
insert into feature (id, code, project_id, release_id, name, description, feature_status_id) values ('acd9facc-7286-4422-905d-0d965a260d8c', '00000015', '7aca8ada-b3a8-11e8-96f8-529269fb1459', '0a196fbc-b403-11e8-96f8-529269fb1459', 'dui proin leo', 'Praesent blandit lacinia erat. Vestibulum sed magna at nunc commodo placerat.', 'c9744fbf-1597-4d7f-8bd0-2a134a1bda42');
insert into feature (id, code, project_id, release_id, name, description, feature_status_id) values ('8449d5c4-a755-4904-b078-17902a7e6df4', '00000016', '7aca8ada-b3a8-11e8-96f8-529269fb1459', '0a196fbc-b403-11e8-96f8-529269fb1459', 'curae donec pharetra magna vestibulum', 'In hac habitasse platea dictumst. Morbi vestibulum, velit id pretium iaculis, diam erat fermentum justo, nec condimentum neque sapien placerat ante. Nulla justo.', 'a59835be-f2f8-4c88-b539-b9b03d4c72f9');
insert into feature (id, code, project_id, release_id, name, description, feature_status_id) values ('b42f5525-dcca-4c5f-adaf-4ecdce863599', '00000017', '7aca8ada-b3a8-11e8-96f8-529269fb1459', '0a196fbc-b403-11e8-96f8-529269fb1459', 'nam dui proin leo odio porttitor id consequat', 'Integer ac leo. Pellentesque ultrices mattis odio.', 'd17b4c24-956b-4474-b21d-a2606b9cdd10');
insert into feature (id, code, project_id, release_id, name, description, feature_status_id) values ('94ce1bd2-c2b7-47e8-ba14-07c2ad5a21e9', '00000018', '7aca8ada-b3a8-11e8-96f8-529269fb1459', '0a196fbc-b403-11e8-96f8-529269fb1459', 'amet eleifend pede libero quis', 'Suspendisse potenti. Nullam porttitor lacus at turpis. Donec posuere metus vitae ipsum. Aliquam non mauris. Morbi non lectus.', 'd17b4c24-956b-4474-b21d-a2606b9cdd10');
insert into feature (id, code, project_id, release_id, name, description, feature_status_id) values ('a4bd2457-280a-4751-9ea3-e182e5db1f25', '00000019', '7aca8ada-b3a8-11e8-96f8-529269fb1459', '0a196fbc-b403-11e8-96f8-529269fb1459', 'congue risus semper', 'Maecenas rhoncus aliquam lacus. Morbi quis tortor id nulla ultrices aliquet. Maecenas leo odio, condimentum id, luctus nec, molestie sed, justo. Pellentesque viverra pede ac diam.', '5f75c2a1-5233-4132-b29f-20fa5fd1e42f');
insert into feature (id, code, project_id, release_id, name, description, feature_status_id) values ('fa2ab730-1422-4acc-917b-432646a3d765', '00000020', '7aca8ada-b3a8-11e8-96f8-529269fb1459', '0a196fbc-b403-11e8-96f8-529269fb1459', 'dapibus nulla suscipit ligula in lacus curabitur', 'Integer aliquet, massa id lobortis convallis, tortor risus dapibus augue, vel accumsan tellus nisi eu orci. Mauris lacinia sapien quis libero. Nullam sit amet turpis elementum ligula vehicula consequat.', 'd17b4c24-956b-4474-b21d-a2606b9cdd10');
insert into feature (id, code, project_id, release_id, name, description, feature_status_id) values ('6531cb0b-ff96-450e-94f1-f007247f2af4', '00000021', '7aca8ada-b3a8-11e8-96f8-529269fb1459', '0a196fbc-b403-11e8-96f8-529269fb1459', 'nulla neque libero convallis eget', 'Maecenas pulvinar lobortis est. Phasellus sit amet erat. Nulla tempus. Vivamus in felis eu sapien cursus vestibulum.', '5f75c2a1-5233-4132-b29f-20fa5fd1e42f');
insert into feature (id, code, project_id, release_id, name, description, feature_status_id) values ('cb0c9d99-3a82-4c1c-9e6c-82d53c8eb657', '00000022', '7aca8ada-b3a8-11e8-96f8-529269fb1459', '0a196fbc-b403-11e8-96f8-529269fb1459', 'eget eros elementum pellentesque quisque porta', 'Duis ac nibh. Fusce lacus purus, aliquet at, feugiat non, pretium quis, lectus.', 'a59835be-f2f8-4c88-b539-b9b03d4c72f9');
insert into feature (id, code, project_id, release_id, name, description, feature_status_id) values ('b7c4ed73-d1ba-4455-8eb3-a0ec3bf4cca8', '00000023', '7aca8ada-b3a8-11e8-96f8-529269fb1459', '0a196fbc-b403-11e8-96f8-529269fb1459', 'quam a odio in', 'Nam nulla. Integer pede justo, lacinia eget, tincidunt eget, tempus vel, pede. Morbi porttitor lorem id ligula.', 'c9744fbf-1597-4d7f-8bd0-2a134a1bda42');
insert into feature (id, code, project_id, release_id, name, description, feature_status_id) values ('159745d0-b7d2-4f0a-8aab-d28b63920740', '00000024', '7aca8ada-b3a8-11e8-96f8-529269fb1459', '0a196fbc-b403-11e8-96f8-529269fb1459', 'mus vivamus vestibulum sagittis sapien cum', 'Etiam vel augue.', 'a59835be-f2f8-4c88-b539-b9b03d4c72f9');
insert into feature (id, code, project_id, release_id, name, description, feature_status_id) values ('3bf7ea99-08ef-4f22-a1c3-e29c36a28489', '00000025', '7aca8ada-b3a8-11e8-96f8-529269fb1459', '0a196fbc-b403-11e8-96f8-529269fb1459', 'id luctus nec molestie sed justo pellentesque viverra', 'In sagittis dui vel nisl. Duis ac nibh. Fusce lacus purus, aliquet at, feugiat non, pretium quis, lectus.', '5f75c2a1-5233-4132-b29f-20fa5fd1e42f');
insert into feature (id, code, project_id, release_id, name, description, feature_status_id) values ('5a916d4d-a156-4a2b-b3ee-5c0591e9f41f', '00000026', '7aca8ada-b3a8-11e8-96f8-529269fb1459', '0a196fbc-b403-11e8-96f8-529269fb1459', 'ipsum dolor sit amet consectetuer adipiscing', 'Curabitur gravida nisi at nibh.', '5f75c2a1-5233-4132-b29f-20fa5fd1e42f');
insert into feature (id, code, project_id, release_id, name, description, feature_status_id) values ('efe44874-5b6e-4840-bd4c-9f2c3156493d', '00000027', '7aca8ada-b3a8-11e8-96f8-529269fb1459', '0a196fbc-b403-11e8-96f8-529269fb1459', 'massa donec dapibus duis at velit eu', 'Duis bibendum. Morbi non quam nec dui luctus rutrum. Nulla tellus.', '5f75c2a1-5233-4132-b29f-20fa5fd1e42f');
insert into feature (id, code, project_id, release_id, name, description, feature_status_id) values ('ce99e987-5ad5-4666-bc70-827c0f81f593', '00000028', '7aca8ada-b3a8-11e8-96f8-529269fb1459', '0a196fbc-b403-11e8-96f8-529269fb1459', 'elit ac nulla sed vel enim', 'Integer pede justo, lacinia eget, tincidunt eget, tempus vel, pede. Morbi porttitor lorem id ligula. Suspendisse ornare consequat lectus. In est risus, auctor sed, tristique in, tempus sit amet, sem.', 'c9744fbf-1597-4d7f-8bd0-2a134a1bda42');
insert into feature (id, code, project_id, release_id, name, description, feature_status_id) values ('3e2f4c19-f698-4248-affc-c959ae9480de', '00000029', '7aca8ada-b3a8-11e8-96f8-529269fb1459', '0a196fbc-b403-11e8-96f8-529269fb1459', 'ante ipsum primis in faucibus', 'Nullam sit amet turpis elementum ligula vehicula consequat. Morbi a ipsum. Integer a nibh. In quis justo. Maecenas rhoncus aliquam lacus.', 'd17b4c24-956b-4474-b21d-a2606b9cdd10');
insert into feature (id, code, project_id, release_id, name, description, feature_status_id) values ('49a76e36-34eb-473d-8a92-fcf4703cc6bd', '00000030', '7aca8ada-b3a8-11e8-96f8-529269fb1459', '0a196fbc-b403-11e8-96f8-529269fb1459', 'nec molestie sed', 'Donec dapibus. Duis at velit eu est congue elementum. In hac habitasse platea dictumst.', 'd17b4c24-956b-4474-b21d-a2606b9cdd10');
insert into feature (id, code, project_id, release_id, name, description, feature_status_id) values ('596dad7b-9b4b-43d9-ad9e-2ccec40fc6a7', '00000031', '7aca8ada-b3a8-11e8-96f8-529269fb1459', '0a196fbc-b403-11e8-96f8-529269fb1459', 'metus aenean fermentum donec ut', 'Nam congue, risus semper porta volutpat, quam pede lobortis ligula, sit amet eleifend pede libero quis orci.', 'c9744fbf-1597-4d7f-8bd0-2a134a1bda42');
insert into feature (id, code, project_id, release_id, name, description, feature_status_id) values ('91fd9d9d-34af-4cea-8065-8168cafbc1fd', '00000032', '7aca8ada-b3a8-11e8-96f8-529269fb1459', '0a196fbc-b403-11e8-96f8-529269fb1459', 'mi sit amet lobortis sapien sapien non', 'Suspendisse potenti.', '5f75c2a1-5233-4132-b29f-20fa5fd1e42f');
insert into feature (id, code, project_id, release_id, name, description, feature_status_id) values ('668ee4aa-e755-480b-a3b7-7ec0a9ff55a8', '00000033', '7aca8ada-b3a8-11e8-96f8-529269fb1459', '0a196fbc-b403-11e8-96f8-529269fb1459', 'sed tristique in', 'Maecenas leo odio, condimentum id, luctus nec, molestie sed, justo.', 'a59835be-f2f8-4c88-b539-b9b03d4c72f9');
insert into feature (id, code, project_id, release_id, name, description, feature_status_id) values ('0b565d0c-57d4-4d04-b8fd-98bb0681fb46', '00000034', '7aca8ada-b3a8-11e8-96f8-529269fb1459', '0a196fbc-b403-11e8-96f8-529269fb1459', 'semper est quam', 'Etiam faucibus cursus urna. Ut tellus. Nulla ut erat id mauris vulputate elementum.', '5f75c2a1-5233-4132-b29f-20fa5fd1e42f');
insert into feature (id, code, project_id, release_id, name, description, feature_status_id) values ('195c4e34-0a98-465e-b5d2-b43e7d7bcdb3', '00000035', '7aca8ada-b3a8-11e8-96f8-529269fb1459', '0a196fbc-b403-11e8-96f8-529269fb1459', 'mauris lacinia sapien quis libero', 'Nulla ac enim. In tempor, turpis nec euismod scelerisque, quam turpis adipiscing lorem, vitae mattis nibh ligula nec sem.', '5f75c2a1-5233-4132-b29f-20fa5fd1e42f');
insert into feature (id, code, project_id, release_id, name, description, feature_status_id) values ('a63c0a0c-014f-48e9-9520-aea2f2be32f8', '00000036', '7aca8ada-b3a8-11e8-96f8-529269fb1459', '0a196fbc-b403-11e8-96f8-529269fb1459', 'platea dictumst morbi vestibulum velit', 'Fusce congue, diam id ornare imperdiet, sapien urna pretium nisl, ut volutpat sapien arcu sed augue. Aliquam erat volutpat. In congue. Etiam justo.', 'd17b4c24-956b-4474-b21d-a2606b9cdd10');
insert into feature (id, code, project_id, release_id, name, description, feature_status_id) values ('df024fdc-82ae-4808-a1fa-3cb5b5536a15', '00000037', '7aca8ada-b3a8-11e8-96f8-529269fb1459', '0a196fbc-b403-11e8-96f8-529269fb1459', 'consequat lectus in est risus', 'Duis at velit eu est congue elementum. In hac habitasse platea dictumst. Morbi vestibulum, velit id pretium iaculis, diam erat fermentum justo, nec condimentum neque sapien placerat ante. Nulla justo.', 'c9744fbf-1597-4d7f-8bd0-2a134a1bda42');
insert into feature (id, code, project_id, release_id, name, description, feature_status_id) values ('32e50b5a-346e-4e03-a6f7-fa771b8e594c', '00000038', '7aca8ada-b3a8-11e8-96f8-529269fb1459', '0a196fbc-b403-11e8-96f8-529269fb1459', 'felis sed lacus morbi sem', 'Curabitur gravida nisi at nibh.', '5f75c2a1-5233-4132-b29f-20fa5fd1e42f');
insert into feature (id, code, project_id, release_id, name, description, feature_status_id) values ('798840c2-df66-44a9-9cb6-c45e4b547afc', '00000039', '7aca8ada-b3a8-11e8-96f8-529269fb1459', '0a196fbc-b403-11e8-96f8-529269fb1459', 'at vulputate vitae nisl', 'Praesent blandit lacinia erat. Vestibulum sed magna at nunc commodo placerat. Praesent blandit. Nam nulla.', 'd17b4c24-956b-4474-b21d-a2606b9cdd10');
insert into feature (id, code, project_id, release_id, name, description, feature_status_id) values ('f7e83434-4be4-4a10-8b6a-6765b7c4cf8f', '00000040', '7aca8ada-b3a8-11e8-96f8-529269fb1459', '0a196fbc-b403-11e8-96f8-529269fb1459', 'tortor duis mattis egestas', 'Ut at dolor quis odio consequat varius. Integer ac leo. Pellentesque ultrices mattis odio.', 'c9744fbf-1597-4d7f-8bd0-2a134a1bda42');
insert into feature (id, code, project_id, release_id, name, description, feature_status_id) values ('2958cd4c-dd1c-445c-83d2-df543dd7d23a', '00000041', '7aca8ada-b3a8-11e8-96f8-529269fb1459', '0a196fbc-b403-11e8-96f8-529269fb1459', 'rutrum neque aenean', 'Pellentesque eget nunc. Donec quis orci eget orci vehicula condimentum. Curabitur in libero ut massa volutpat convallis. Morbi odio odio, elementum eu, interdum eu, tincidunt in, leo. Maecenas pulvinar lobortis est.', 'a59835be-f2f8-4c88-b539-b9b03d4c72f9');
insert into feature (id, code, project_id, release_id, name, description, feature_status_id) values ('ff56741e-dbc9-4914-816e-dcbe4d74c050', '00000042', '7aca8ada-b3a8-11e8-96f8-529269fb1459', '0a196fbc-b403-11e8-96f8-529269fb1459', 'vestibulum vestibulum ante ipsum primis in faucibus', 'Nam dui. Proin leo odio, porttitor id, consequat in, consequat ut, nulla.', 'd17b4c24-956b-4474-b21d-a2606b9cdd10');
insert into feature (id, code, project_id, release_id, name, description, feature_status_id) values ('9d17d0bf-8001-4755-8a8c-c070f1a01cd8', '00000043', '7aca8ada-b3a8-11e8-96f8-529269fb1459', '0a196fbc-b403-11e8-96f8-529269fb1459', 'ut nunc vestibulum', 'Aenean fermentum. Donec ut mauris eget massa tempor convallis. Nulla neque libero, convallis eget, eleifend luctus, ultricies eu, nibh. Quisque id justo sit amet sapien dignissim vestibulum. Vestibulum ante ipsum primis in faucibus orci luctus et ultrices posuere cubilia Curae; Nulla dapibus dolor vel est.', 'c9744fbf-1597-4d7f-8bd0-2a134a1bda42');
insert into feature (id, code, project_id, release_id, name, description, feature_status_id) values ('5c09fab9-0625-49fe-8b33-f7c4a089eb9e', '00000044', '7aca8ada-b3a8-11e8-96f8-529269fb1459', '0a196fbc-b403-11e8-96f8-529269fb1459', 'eget tempus vel pede', 'Integer pede justo, lacinia eget, tincidunt eget, tempus vel, pede. Morbi porttitor lorem id ligula.', 'c9744fbf-1597-4d7f-8bd0-2a134a1bda42');
insert into feature (id, code, project_id, release_id, name, description, feature_status_id) values ('a3ec4314-67ff-4189-a382-9a05c5a92d45', '00000045', '7aca8ada-b3a8-11e8-96f8-529269fb1459', '0a196fbc-b403-11e8-96f8-529269fb1459', 'quam turpis adipiscing lorem vitae mattis nibh ligula', 'In tempor, turpis nec euismod scelerisque, quam turpis adipiscing lorem, vitae mattis nibh ligula nec sem. Duis aliquam convallis nunc.', 'd17b4c24-956b-4474-b21d-a2606b9cdd10');
insert into feature (id, code, project_id, release_id, name, description, feature_status_id) values ('573403e9-eaa8-4efa-83da-7602bca1ed2a', '00000046', '7aca8ada-b3a8-11e8-96f8-529269fb1459', '0a196fbc-b403-11e8-96f8-529269fb1459', 'sed augue aliquam erat volutpat in', 'Maecenas tristique, est et tempus semper, est quam pharetra magna, ac consequat metus sapien ut nunc.', 'a59835be-f2f8-4c88-b539-b9b03d4c72f9');
insert into feature (id, code, project_id, release_id, name, description, feature_status_id) values ('1f6f7414-6eca-4e83-97c0-a198bb5ef412', '00000047', '7aca8ada-b3a8-11e8-96f8-529269fb1459', '0a196fbc-b403-11e8-96f8-529269fb1459', 'ipsum primis in faucibus orci luctus et', 'Vestibulum ante ipsum primis in faucibus orci luctus et ultrices posuere cubilia Curae; Nulla dapibus dolor vel est. Donec odio justo, sollicitudin ut, suscipit a, feugiat et, eros. Vestibulum ac est lacinia nisi venenatis tristique.', '5f75c2a1-5233-4132-b29f-20fa5fd1e42f');
insert into feature (id, code, project_id, release_id, name, description, feature_status_id) values ('044f3f35-777c-41a0-8ed3-175774231de8', '00000048', '7aca8ada-b3a8-11e8-96f8-529269fb1459', '0a196fbc-b403-11e8-96f8-529269fb1459', 'hac habitasse platea dictumst', 'Phasellus id sapien in sapien iaculis congue. Vivamus metus arcu, adipiscing molestie, hendrerit at, vulputate vitae, nisl.', '5f75c2a1-5233-4132-b29f-20fa5fd1e42f');
insert into feature (id, code, project_id, release_id, name, description, feature_status_id) values ('272adecf-7d5c-43cc-8edc-41c51514783a', '00000049', '7aca8ada-b3a8-11e8-96f8-529269fb1459', '0a196fbc-b403-11e8-96f8-529269fb1459', 'quam a odio in hac habitasse', 'Duis aliquam convallis nunc. Proin at turpis a pede posuere nonummy. Integer non velit. Donec diam neque, vestibulum eget, vulputate ut, ultrices vel, augue.', 'd17b4c24-956b-4474-b21d-a2606b9cdd10');
insert into feature (id, code, project_id, release_id, name, description, feature_status_id) values ('5b3191c1-583b-4422-a942-6643cb3dae3a', '00000050', '7aca8ada-b3a8-11e8-96f8-529269fb1459', '0a196fbc-b403-11e8-96f8-529269fb1459', 'nunc donec quis orci eget orci vehicula condimentum', 'Integer tincidunt ante vel ipsum. Praesent blandit lacinia erat. Vestibulum sed magna at nunc commodo placerat.', 'c9744fbf-1597-4d7f-8bd0-2a134a1bda42');

insert into team values ('4fb4cec6-c0c5-11e8-a355-529269fb1459', 'Team Alpha');
insert into team values ('4fb4d272-c0c5-11e8-a355-529269fb1459', 'Team Beta');

insert into team_project values ('4fb4cec6-c0c5-11e8-a355-529269fb1459', '7aca8ada-b3a8-11e8-96f8-529269fb1459');
insert into team_project values ('4fb4cec6-c0c5-11e8-a355-529269fb1459', '7aca9476-b3a8-11e8-96f8-529269fb1459');