insert into project values ('7aca8ada-b3a8-11e8-96f8-529269fb1459', 'Super Nice Product', NULL);
insert into project values ('7aca8eae-b3a8-11e8-96f8-529269fb1459', 'Acme Legacy System', NULL);
insert into project values ('7aca9476-b3a8-11e8-96f8-529269fb1459', 'Awesome Office Suite', NULL);

insert into release values ('0a196fbc-b403-11e8-96f8-529269fb1459', '7aca8ada-b3a8-11e8-96f8-529269fb1459', '1.0.0');
insert into release values ('0a1975ac-b403-11e8-96f8-529269fb1459', '7aca8ada-b3a8-11e8-96f8-529269fb1459', '1.1.0');
insert into release values ('0a197872-b403-11e8-96f8-529269fb1459', '7aca8ada-b3a8-11e8-96f8-529269fb1459', '1.2.0');

insert into release values ('4fb4d4d4-c0c5-11e8-a355-529269fb1459', '7aca9476-b3a8-11e8-96f8-529269fb1459', '1.0.0');

insert into feature_status values ('c9744fbf-1597-4d7f-8bd0-2a134a1bda42', 'Defined');
insert into feature_status values ('5f75c2a1-5233-4132-b29f-20fa5fd1e42f', 'In Progess');
insert into feature_status values ('d17b4c24-956b-4474-b21d-a2606b9cdd10', 'Completed');
insert into feature_status values ('a59835be-f2f8-4c88-b539-b9b03d4c72f9', 'Accepted');

-- features
insert into feature (id, code, release_id, name, description, estimation, pct_completed, feature_status_id) values ('a715730d-1d75-4afd-9f01-3c0d6be7d09e', '00000001', '0a196fbc-b403-11e8-96f8-529269fb1459', 'aliquet massa id lobortis convallis tortor', 'Morbi vel lectus in quam fringilla rhoncus. Mauris enim leo, rhoncus sed, vestibulum sit amet, cursus id, turpis. Integer aliquet, massa id lobortis convallis, tortor risus dapibus augue, vel accumsan tellus nisi eu orci. Mauris lacinia sapien quis libero. Nullam sit amet turpis elementum ligula vehicula consequat.', 8, 30, 'a59835be-f2f8-4c88-b539-b9b03d4c72f9');
insert into feature (id, code, release_id, name, description, estimation, pct_completed, feature_status_id) values ('a254e508-d040-4bb6-9914-e0cd7e29da15', '00000002', '0a196fbc-b403-11e8-96f8-529269fb1459', 'sapien in sapien iaculis congue vivamus metus arcu', 'Fusce posuere felis sed lacus. Morbi sem mauris, laoreet ut, rhoncus aliquet, pulvinar sed, nisl. Nunc rhoncus dui vel sem.', 2, 80, 'a59835be-f2f8-4c88-b539-b9b03d4c72f9');
insert into feature (id, code, release_id, name, description, estimation, pct_completed, feature_status_id) values ('47922484-12f1-405d-aa16-7c9edd72ed65', '00000003', '0a196fbc-b403-11e8-96f8-529269fb1459', 'erat volutpat in congue etiam justo', 'Nulla ut erat id mauris vulputate elementum. Nullam varius. Nulla facilisi. Cras non velit nec nisi vulputate nonummy. Maecenas tincidunt lacus at velit.', 2, 50, 'c9744fbf-1597-4d7f-8bd0-2a134a1bda42');
insert into feature (id, code, release_id, name, description, estimation, pct_completed, feature_status_id) values ('dfd2e96f-9c35-4816-8a5e-008f576e1b4a', '00000004', '0a196fbc-b403-11e8-96f8-529269fb1459', 'sodales sed tincidunt eu felis', 'Quisque id justo sit amet sapien dignissim vestibulum. Vestibulum ante ipsum primis in faucibus orci luctus et ultrices posuere cubilia Curae; Nulla dapibus dolor vel est.', 55, 70, 'd17b4c24-956b-4474-b21d-a2606b9cdd10');
insert into feature (id, code, release_id, name, description, estimation, pct_completed, feature_status_id) values ('80dfa8cd-2d66-4391-beee-ed7b1cf6e427', '00000005', '0a196fbc-b403-11e8-96f8-529269fb1459', 'in faucibus orci luctus et', 'Etiam justo. Etiam pretium iaculis justo.', 5, 20, 'c9744fbf-1597-4d7f-8bd0-2a134a1bda42');
insert into feature (id, code, release_id, name, description, estimation, pct_completed, feature_status_id) values ('b9e7c395-3c75-40ac-9c39-cbd8ad6c0015', '00000006', '0a196fbc-b403-11e8-96f8-529269fb1459', 'interdum in ante vestibulum', 'Nunc nisl. Duis bibendum, felis sed interdum venenatis, turpis enim blandit mi, in porttitor pede justo eu massa. Donec dapibus. Duis at velit eu est congue elementum.', 5, 70, 'a59835be-f2f8-4c88-b539-b9b03d4c72f9');
insert into feature (id, code, release_id, name, description, estimation, pct_completed, feature_status_id) values ('ca8dc3ac-e041-4e4c-801b-695a05361880', '00000007', '0a196fbc-b403-11e8-96f8-529269fb1459', 'neque vestibulum eget vulputate', 'Vestibulum rutrum rutrum neque. Aenean auctor gravida sem. Praesent id massa id nisl venenatis lacinia.', 1, 80, 'c9744fbf-1597-4d7f-8bd0-2a134a1bda42');
insert into feature (id, code, release_id, name, description, estimation, pct_completed, feature_status_id) values ('d97e9008-5e7c-4acc-8669-31521b74750b', '00000008', '0a196fbc-b403-11e8-96f8-529269fb1459', 'pretium iaculis justo in hac habitasse', 'Vestibulum ante ipsum primis in faucibus orci luctus et ultrices posuere cubilia Curae; Duis faucibus accumsan odio. Curabitur convallis. Duis consequat dui nec nisi volutpat eleifend. Donec ut dolor.', 8, 100, 'c9744fbf-1597-4d7f-8bd0-2a134a1bda42');
insert into feature (id, code, release_id, name, description, estimation, pct_completed, feature_status_id) values ('f5b07829-e1d4-493a-b0f2-aeeb89addfd0', '00000009', '0a196fbc-b403-11e8-96f8-529269fb1459', 'in sagittis dui vel nisl duis', 'Proin at turpis a pede posuere nonummy. Integer non velit. Donec diam neque, vestibulum eget, vulputate ut, ultrices vel, augue. Vestibulum ante ipsum primis in faucibus orci luctus et ultrices posuere cubilia Curae; Donec pharetra, magna vestibulum aliquet ultrices, erat tortor sollicitudin mi, sit amet lobortis sapien sapien non mi.', 13, 70, 'd17b4c24-956b-4474-b21d-a2606b9cdd10');
insert into feature (id, code, release_id, name, description, estimation, pct_completed, feature_status_id) values ('cdd6b24a-3aea-4e95-ae36-13bca1bd7343', '00000010', '0a196fbc-b403-11e8-96f8-529269fb1459', 'quis turpis sed ante vivamus tortor duis', 'Morbi quis tortor id nulla ultrices aliquet.', 8, 70, 'a59835be-f2f8-4c88-b539-b9b03d4c72f9');
insert into feature (id, code, release_id, name, description, estimation, pct_completed, feature_status_id) values ('58592b56-9647-44ea-8789-7981794c77c0', '00000011', '0a196fbc-b403-11e8-96f8-529269fb1459', 'lobortis convallis tortor risus dapibus', 'Nunc nisl.', 55, 50, '5f75c2a1-5233-4132-b29f-20fa5fd1e42f');
insert into feature (id, code, release_id, name, description, estimation, pct_completed, feature_status_id) values ('83b5b5f0-7f60-4ec8-afb4-1183e90362f1', '00000012', '0a196fbc-b403-11e8-96f8-529269fb1459', 'tincidunt lacus at velit vivamus vel nulla eget', 'Aenean lectus.', 2, 70, 'a59835be-f2f8-4c88-b539-b9b03d4c72f9');
insert into feature (id, code, release_id, name, description, estimation, pct_completed, feature_status_id) values ('b82e9f9b-292d-4494-96f8-daf81107b1eb', '00000013', '0a196fbc-b403-11e8-96f8-529269fb1459', 'curae duis faucibus', 'Etiam pretium iaculis justo. In hac habitasse platea dictumst. Etiam faucibus cursus urna. Ut tellus. Nulla ut erat id mauris vulputate elementum.', 3, 20, 'c9744fbf-1597-4d7f-8bd0-2a134a1bda42');
insert into feature (id, code, release_id, name, description, estimation, pct_completed, feature_status_id) values ('2afa5fd6-c236-4574-8263-b3dd92e6aeda', '00000014', '0a196fbc-b403-11e8-96f8-529269fb1459', 'praesent blandit nam', 'Pellentesque at nulla. Suspendisse potenti. Cras in purus eu magna vulputate luctus. Cum sociis natoque penatibus et magnis dis parturient montes, nascetur ridiculus mus. Vivamus vestibulum sagittis sapien.', 13, 50, 'd17b4c24-956b-4474-b21d-a2606b9cdd10');
insert into feature (id, code, release_id, name, description, estimation, pct_completed, feature_status_id) values ('b650445c-6e85-4a43-a6e2-9ede3a3089f2', '00000015', '0a196fbc-b403-11e8-96f8-529269fb1459', 'vel augue vestibulum ante', 'Donec odio justo, sollicitudin ut, suscipit a, feugiat et, eros. Vestibulum ac est lacinia nisi venenatis tristique. Fusce congue, diam id ornare imperdiet, sapien urna pretium nisl, ut volutpat sapien arcu sed augue. Aliquam erat volutpat. In congue.', 13, 60, 'd17b4c24-956b-4474-b21d-a2606b9cdd10');
insert into feature (id, code, release_id, name, description, estimation, pct_completed, feature_status_id) values ('d647a02b-4982-42f6-9cf4-10382383cecf', '00000016', '0a196fbc-b403-11e8-96f8-529269fb1459', 'amet eros suspendisse accumsan tortor', 'Donec ut dolor. Morbi vel lectus in quam fringilla rhoncus. Mauris enim leo, rhoncus sed, vestibulum sit amet, cursus id, turpis. Integer aliquet, massa id lobortis convallis, tortor risus dapibus augue, vel accumsan tellus nisi eu orci.', 55, 80, 'd17b4c24-956b-4474-b21d-a2606b9cdd10');
insert into feature (id, code, release_id, name, description, estimation, pct_completed, feature_status_id) values ('b363cc43-9de8-462e-96c8-4ec3c5931968', '00000017', '0a196fbc-b403-11e8-96f8-529269fb1459', 'mauris eget massa', 'Mauris lacinia sapien quis libero. Nullam sit amet turpis elementum ligula vehicula consequat. Morbi a ipsum. Integer a nibh. In quis justo.', 5, 70, 'c9744fbf-1597-4d7f-8bd0-2a134a1bda42');
insert into feature (id, code, release_id, name, description, estimation, pct_completed, feature_status_id) values ('b5637025-d48c-4f8b-a7c5-00ec2160292d', '00000018', '0a196fbc-b403-11e8-96f8-529269fb1459', 'vestibulum ante ipsum primis in', 'Nullam varius. Nulla facilisi. Cras non velit nec nisi vulputate nonummy. Maecenas tincidunt lacus at velit. Vivamus vel nulla eget eros elementum pellentesque.', 3, 30, '5f75c2a1-5233-4132-b29f-20fa5fd1e42f');
insert into feature (id, code, release_id, name, description, estimation, pct_completed, feature_status_id) values ('e7a6a673-f045-4d7d-9aa6-ee9d090510dd', '00000019', '0a196fbc-b403-11e8-96f8-529269fb1459', 'quis augue luctus', 'Vestibulum rutrum rutrum neque.', 21, 40, 'a59835be-f2f8-4c88-b539-b9b03d4c72f9');
insert into feature (id, code, release_id, name, description, estimation, pct_completed, feature_status_id) values ('7bb51b2e-65be-476d-8699-5c81cf38318d', '00000020', '0a196fbc-b403-11e8-96f8-529269fb1459', 'rhoncus dui vel sem sed', 'Cum sociis natoque penatibus et magnis dis parturient montes, nascetur ridiculus mus. Vivamus vestibulum sagittis sapien. Cum sociis natoque penatibus et magnis dis parturient montes, nascetur ridiculus mus. Etiam vel augue.', 8, 10, 'a59835be-f2f8-4c88-b539-b9b03d4c72f9');
insert into feature (id, code, release_id, name, description, estimation, pct_completed, feature_status_id) values ('ba94f1d7-6f42-4814-ad09-cdafd48915fb', '00000021', '0a196fbc-b403-11e8-96f8-529269fb1459', 'augue aliquam erat volutpat in congue etiam', 'Maecenas rhoncus aliquam lacus. Morbi quis tortor id nulla ultrices aliquet. Maecenas leo odio, condimentum id, luctus nec, molestie sed, justo.', 55, 100, '5f75c2a1-5233-4132-b29f-20fa5fd1e42f');
insert into feature (id, code, release_id, name, description, estimation, pct_completed, feature_status_id) values ('0f2ae33e-5ce8-4acd-9e8c-21c741f51e6b', '00000022', '0a196fbc-b403-11e8-96f8-529269fb1459', 'natoque penatibus et magnis dis parturient montes', 'Sed sagittis. Nam congue, risus semper porta volutpat, quam pede lobortis ligula, sit amet eleifend pede libero quis orci. Nullam molestie nibh in lectus. Pellentesque at nulla. Suspendisse potenti.', 2, 10, '5f75c2a1-5233-4132-b29f-20fa5fd1e42f');
insert into feature (id, code, release_id, name, description, estimation, pct_completed, feature_status_id) values ('85580dec-725a-4b11-9125-c4ac9625ff33', '00000023', '0a196fbc-b403-11e8-96f8-529269fb1459', 'aliquam augue quam sollicitudin vitae', 'Ut at dolor quis odio consequat varius. Integer ac leo. Pellentesque ultrices mattis odio.', 8, 30, 'd17b4c24-956b-4474-b21d-a2606b9cdd10');
insert into feature (id, code, release_id, name, description, estimation, pct_completed, feature_status_id) values ('eb9558f1-f980-4423-bf8b-911d483ef137', '00000024', '0a196fbc-b403-11e8-96f8-529269fb1459', 'urna ut tellus nulla ut erat id mauris', 'Vestibulum sed magna at nunc commodo placerat. Praesent blandit. Nam nulla. Integer pede justo, lacinia eget, tincidunt eget, tempus vel, pede. Morbi porttitor lorem id ligula.', 35, 70, 'a59835be-f2f8-4c88-b539-b9b03d4c72f9');
insert into feature (id, code, release_id, name, description, estimation, pct_completed, feature_status_id) values ('f082d7e1-523e-4112-b4d4-6532657586e9', '00000025', '0a196fbc-b403-11e8-96f8-529269fb1459', 'ante vestibulum ante ipsum primis in faucibus', 'Maecenas leo odio, condimentum id, luctus nec, molestie sed, justo. Pellentesque viverra pede ac diam.', 1, 80, 'c9744fbf-1597-4d7f-8bd0-2a134a1bda42');
insert into feature (id, code, release_id, name, description, estimation, pct_completed, feature_status_id) values ('c9f4834d-fb19-4c1f-a514-b9efa621e698', '00000026', '0a196fbc-b403-11e8-96f8-529269fb1459', 'sem fusce consequat nulla nisl nunc nisl duis', 'Duis bibendum. Morbi non quam nec dui luctus rutrum. Nulla tellus. In sagittis dui vel nisl. Duis ac nibh.', 13, 10, '5f75c2a1-5233-4132-b29f-20fa5fd1e42f');
insert into feature (id, code, release_id, name, description, estimation, pct_completed, feature_status_id) values ('ba5f1896-836a-4f4d-9db6-60453effc021', '00000027', '0a196fbc-b403-11e8-96f8-529269fb1459', 'fermentum donec ut', 'Fusce congue, diam id ornare imperdiet, sapien urna pretium nisl, ut volutpat sapien arcu sed augue. Aliquam erat volutpat.', 21, 50, 'a59835be-f2f8-4c88-b539-b9b03d4c72f9');
insert into feature (id, code, release_id, name, description, estimation, pct_completed, feature_status_id) values ('ca24eb9e-47d8-4653-8e19-af122faef1d1', '00000028', '0a196fbc-b403-11e8-96f8-529269fb1459', 'donec odio justo sollicitudin ut suscipit a feugiat', 'In hac habitasse platea dictumst.', 21, 90, '5f75c2a1-5233-4132-b29f-20fa5fd1e42f');
insert into feature (id, code, release_id, name, description, estimation, pct_completed, feature_status_id) values ('7ec8e92c-41ca-44ec-87f2-8b0f7099137b', '00000029', '0a196fbc-b403-11e8-96f8-529269fb1459', 'a pede posuere nonummy integer non velit donec', 'Maecenas rhoncus aliquam lacus. Morbi quis tortor id nulla ultrices aliquet. Maecenas leo odio, condimentum id, luctus nec, molestie sed, justo. Pellentesque viverra pede ac diam. Cras pellentesque volutpat dui.', 2, 30, 'd17b4c24-956b-4474-b21d-a2606b9cdd10');
insert into feature (id, code, release_id, name, description, estimation, pct_completed, feature_status_id) values ('b3c06733-cb78-44fd-8be2-90050c92dbd8', '00000030', '0a196fbc-b403-11e8-96f8-529269fb1459', 'est risus auctor sed tristique in tempus sit', 'Integer pede justo, lacinia eget, tincidunt eget, tempus vel, pede.', 8, 40, '5f75c2a1-5233-4132-b29f-20fa5fd1e42f');
insert into feature (id, code, release_id, name, description, estimation, pct_completed, feature_status_id) values ('be4a10a4-c694-40ed-b7a3-8c7d52b8c742', '00000031', '0a196fbc-b403-11e8-96f8-529269fb1459', 'luctus rutrum nulla tellus in', 'Maecenas ut massa quis augue luctus tincidunt. Nulla mollis molestie lorem. Quisque ut erat. Curabitur gravida nisi at nibh.', 8, 60, 'd17b4c24-956b-4474-b21d-a2606b9cdd10');
insert into feature (id, code, release_id, name, description, estimation, pct_completed, feature_status_id) values ('2c6479be-c623-4ce0-9322-bc75f8d16111', '00000032', '0a196fbc-b403-11e8-96f8-529269fb1459', 'curae mauris viverra diam vitae quam', 'In hac habitasse platea dictumst. Aliquam augue quam, sollicitudin vitae, consectetuer eget, rutrum at, lorem. Integer tincidunt ante vel ipsum. Praesent blandit lacinia erat. Vestibulum sed magna at nunc commodo placerat.', 3, 80, 'c9744fbf-1597-4d7f-8bd0-2a134a1bda42');
insert into feature (id, code, release_id, name, description, estimation, pct_completed, feature_status_id) values ('3581e2a1-0f56-42d9-ae5d-96611076bcbc', '00000033', '0a196fbc-b403-11e8-96f8-529269fb1459', 'sem mauris laoreet ut rhoncus aliquet', 'Proin risus. Praesent lectus. Vestibulum quam sapien, varius ut, blandit non, interdum in, ante.', 35, 30, 'a59835be-f2f8-4c88-b539-b9b03d4c72f9');
insert into feature (id, code, release_id, name, description, estimation, pct_completed, feature_status_id) values ('00522c5f-1e8c-4e3f-af78-b12f2a55f8f6', '00000034', '0a196fbc-b403-11e8-96f8-529269fb1459', 'nisi venenatis tristique', 'Nunc purus. Phasellus in felis. Donec semper sapien a libero. Nam dui. Proin leo odio, porttitor id, consequat in, consequat ut, nulla.', 35, 60, 'd17b4c24-956b-4474-b21d-a2606b9cdd10');
insert into feature (id, code, release_id, name, description, estimation, pct_completed, feature_status_id) values ('675e11b5-e890-4b2b-9f82-57009ac7e255', '00000035', '0a196fbc-b403-11e8-96f8-529269fb1459', 'felis ut at dolor quis odio', 'Praesent id massa id nisl venenatis lacinia. Aenean sit amet justo.', 5, 10, '5f75c2a1-5233-4132-b29f-20fa5fd1e42f');
insert into feature (id, code, release_id, name, description, estimation, pct_completed, feature_status_id) values ('26d1f9d2-0eac-446a-a09f-a9e31d4bf430', '00000036', '0a196fbc-b403-11e8-96f8-529269fb1459', 'luctus et ultrices posuere', 'In congue. Etiam justo. Etiam pretium iaculis justo.', 2, 80, 'd17b4c24-956b-4474-b21d-a2606b9cdd10');
insert into feature (id, code, release_id, name, description, estimation, pct_completed, feature_status_id) values ('6fe94b64-c894-4797-bb3b-4bbe284bbfbc', '00000037', '0a196fbc-b403-11e8-96f8-529269fb1459', 'egestas metus aenean fermentum', 'Nunc purus. Phasellus in felis. Donec semper sapien a libero.', 2, 50, 'd17b4c24-956b-4474-b21d-a2606b9cdd10');
insert into feature (id, code, release_id, name, description, estimation, pct_completed, feature_status_id) values ('e994c795-905f-4768-a321-3b74f1c2c492', '00000038', '0a196fbc-b403-11e8-96f8-529269fb1459', 'quis augue luctus tincidunt nulla mollis molestie', 'Sed vel enim sit amet nunc viverra dapibus. Nulla suscipit ligula in lacus.', 35, 70, '5f75c2a1-5233-4132-b29f-20fa5fd1e42f');
insert into feature (id, code, release_id, name, description, estimation, pct_completed, feature_status_id) values ('d743051c-23b1-43bc-90f4-7770f8c30a0a', '00000039', '0a196fbc-b403-11e8-96f8-529269fb1459', 'curabitur gravida nisi at nibh in hac', 'Morbi non quam nec dui luctus rutrum.', 21, 20, '5f75c2a1-5233-4132-b29f-20fa5fd1e42f');
insert into feature (id, code, release_id, name, description, estimation, pct_completed, feature_status_id) values ('834ee77a-2bc7-4fda-a7d1-a40c8e85029e', '00000040', '0a196fbc-b403-11e8-96f8-529269fb1459', 'sed ante vivamus tortor', 'Maecenas rhoncus aliquam lacus. Morbi quis tortor id nulla ultrices aliquet. Maecenas leo odio, condimentum id, luctus nec, molestie sed, justo. Pellentesque viverra pede ac diam.', 3, 70, 'c9744fbf-1597-4d7f-8bd0-2a134a1bda42');
insert into feature (id, code, release_id, name, description, estimation, pct_completed, feature_status_id) values ('3c01d463-d38d-4220-99dd-9e5973ef7afd', '00000041', '0a196fbc-b403-11e8-96f8-529269fb1459', 'enim sit amet nunc', 'Aliquam non mauris. Morbi non lectus. Aliquam sit amet diam in magna bibendum imperdiet.', 55, 10, 'd17b4c24-956b-4474-b21d-a2606b9cdd10');
insert into feature (id, code, release_id, name, description, estimation, pct_completed, feature_status_id) values ('32708bbf-9fc5-4c6c-822a-9fc63bdfad2d', '00000042', '0a196fbc-b403-11e8-96f8-529269fb1459', 'penatibus et magnis dis', 'Vestibulum ante ipsum primis in faucibus orci luctus et ultrices posuere cubilia Curae; Donec pharetra, magna vestibulum aliquet ultrices, erat tortor sollicitudin mi, sit amet lobortis sapien sapien non mi. Integer ac neque. Duis bibendum.', 3, 90, 'c9744fbf-1597-4d7f-8bd0-2a134a1bda42');
insert into feature (id, code, release_id, name, description, estimation, pct_completed, feature_status_id) values ('b9bc70a2-ce2f-46ce-910e-0de0bf752564', '00000043', '0a196fbc-b403-11e8-96f8-529269fb1459', 'sagittis nam congue risus semper porta', 'Maecenas leo odio, condimentum id, luctus nec, molestie sed, justo. Pellentesque viverra pede ac diam. Cras pellentesque volutpat dui. Maecenas tristique, est et tempus semper, est quam pharetra magna, ac consequat metus sapien ut nunc.', 1, 10, 'c9744fbf-1597-4d7f-8bd0-2a134a1bda42');
insert into feature (id, code, release_id, name, description, estimation, pct_completed, feature_status_id) values ('7c0bb1a4-c68a-44a8-9d49-63d45594ff79', '00000044', '0a196fbc-b403-11e8-96f8-529269fb1459', 'eleifend quam a odio in hac', 'Nulla nisl. Nunc nisl. Duis bibendum, felis sed interdum venenatis, turpis enim blandit mi, in porttitor pede justo eu massa.', 21, 20, 'c9744fbf-1597-4d7f-8bd0-2a134a1bda42');
insert into feature (id, code, release_id, name, description, estimation, pct_completed, feature_status_id) values ('a08f45db-70d9-4b7d-a7d1-41ff14907fbe', '00000045', '0a196fbc-b403-11e8-96f8-529269fb1459', 'sed justo pellentesque viverra pede ac diam', 'Aenean fermentum. Donec ut mauris eget massa tempor convallis. Nulla neque libero, convallis eget, eleifend luctus, ultricies eu, nibh.', 8, 90, 'a59835be-f2f8-4c88-b539-b9b03d4c72f9');
insert into feature (id, code, release_id, name, description, estimation, pct_completed, feature_status_id) values ('455c24c4-f022-48b2-88e0-d6e2b777def1', '00000046', '0a196fbc-b403-11e8-96f8-529269fb1459', 'in faucibus orci luctus', 'Curabitur in libero ut massa volutpat convallis.', 55, 30, 'c9744fbf-1597-4d7f-8bd0-2a134a1bda42');
insert into feature (id, code, release_id, name, description, estimation, pct_completed, feature_status_id) values ('3481e281-f6a5-4f1b-8732-1792cb8f5998', '00000047', '0a196fbc-b403-11e8-96f8-529269fb1459', 'libero convallis eget eleifend', 'Pellentesque at nulla.', 2, 20, '5f75c2a1-5233-4132-b29f-20fa5fd1e42f');
insert into feature (id, code, release_id, name, description, estimation, pct_completed, feature_status_id) values ('72d3b9af-592d-432f-b1cc-440df1324223', '00000048', '0a196fbc-b403-11e8-96f8-529269fb1459', 'magna vestibulum aliquet ultrices erat', 'Suspendisse potenti. Nullam porttitor lacus at turpis. Donec posuere metus vitae ipsum. Aliquam non mauris. Morbi non lectus.', 35, 10, 'c9744fbf-1597-4d7f-8bd0-2a134a1bda42');
insert into feature (id, code, release_id, name, description, estimation, pct_completed, feature_status_id) values ('766268e3-c3ab-4cc5-8d2d-c37a15a6a3d3', '00000049', '0a196fbc-b403-11e8-96f8-529269fb1459', 'adipiscing lorem vitae', 'Nulla neque libero, convallis eget, eleifend luctus, ultricies eu, nibh.', 1, 40, '5f75c2a1-5233-4132-b29f-20fa5fd1e42f');
insert into feature (id, code, release_id, name, description, estimation, pct_completed, feature_status_id) values ('1c608b76-2acd-48f3-92b7-f39f6cd775da', '00000050', '0a196fbc-b403-11e8-96f8-529269fb1459', 'eget eleifend luctus ultricies eu nibh', 'Donec semper sapien a libero.', 2, 40, 'd17b4c24-956b-4474-b21d-a2606b9cdd10');
insert into feature (id, code, release_id, name, description, estimation, pct_completed, feature_status_id) values ('5da32a29-4983-45d3-8b3a-51630ca55f54', '00000051', '0a196fbc-b403-11e8-96f8-529269fb1459', 'mollis molestie lorem quisque ut erat curabitur', 'Aenean auctor gravida sem. Praesent id massa id nisl venenatis lacinia.', 35, 80, 'd17b4c24-956b-4474-b21d-a2606b9cdd10');
insert into feature (id, code, release_id, name, description, estimation, pct_completed, feature_status_id) values ('89919b90-c0fb-46e3-be93-a2db1a47be79', '00000052', '0a196fbc-b403-11e8-96f8-529269fb1459', 'odio cras mi', 'Nam congue, risus semper porta volutpat, quam pede lobortis ligula, sit amet eleifend pede libero quis orci. Nullam molestie nibh in lectus. Pellentesque at nulla. Suspendisse potenti. Cras in purus eu magna vulputate luctus.', 2, 20, 'c9744fbf-1597-4d7f-8bd0-2a134a1bda42');
insert into feature (id, code, release_id, name, description, estimation, pct_completed, feature_status_id) values ('deb9a87b-ed2b-42b3-8c20-423f1e678f26', '00000053', '0a196fbc-b403-11e8-96f8-529269fb1459', 'aliquet at feugiat non', 'Maecenas tincidunt lacus at velit. Vivamus vel nulla eget eros elementum pellentesque. Quisque porta volutpat erat.', 13, 20, 'c9744fbf-1597-4d7f-8bd0-2a134a1bda42');
insert into feature (id, code, release_id, name, description, estimation, pct_completed, feature_status_id) values ('25c93763-1372-4772-a436-ccc3c817a5bb', '00000054', '0a196fbc-b403-11e8-96f8-529269fb1459', 'ultrices posuere cubilia curae', 'Nulla mollis molestie lorem. Quisque ut erat.', 21, 40, 'c9744fbf-1597-4d7f-8bd0-2a134a1bda42');
insert into feature (id, code, release_id, name, description, estimation, pct_completed, feature_status_id) values ('12a4c792-339e-49d5-ad5c-e8f568ee2e20', '00000055', '0a196fbc-b403-11e8-96f8-529269fb1459', 'sapien quis libero nullam sit amet turpis', 'Cras mi pede, malesuada in, imperdiet et, commodo vulputate, justo. In blandit ultrices enim. Lorem ipsum dolor sit amet, consectetuer adipiscing elit.', 5, 70, 'd17b4c24-956b-4474-b21d-a2606b9cdd10');
insert into feature (id, code, release_id, name, description, estimation, pct_completed, feature_status_id) values ('e07e79cf-c12e-4485-8c38-d3626a8f295d', '00000056', '0a196fbc-b403-11e8-96f8-529269fb1459', 'enim in tempor turpis nec euismod scelerisque quam', 'Aliquam non mauris. Morbi non lectus. Aliquam sit amet diam in magna bibendum imperdiet. Nullam orci pede, venenatis non, sodales sed, tincidunt eu, felis. Fusce posuere felis sed lacus.', 55, 100, 'c9744fbf-1597-4d7f-8bd0-2a134a1bda42');
insert into feature (id, code, release_id, name, description, estimation, pct_completed, feature_status_id) values ('3d2fea1c-becd-4992-8e3b-05eff1b4fabe', '00000057', '0a196fbc-b403-11e8-96f8-529269fb1459', 'libero convallis eget eleifend luctus ultricies eu nibh', 'Morbi non lectus. Aliquam sit amet diam in magna bibendum imperdiet. Nullam orci pede, venenatis non, sodales sed, tincidunt eu, felis. Fusce posuere felis sed lacus. Morbi sem mauris, laoreet ut, rhoncus aliquet, pulvinar sed, nisl.', 35, 50, 'd17b4c24-956b-4474-b21d-a2606b9cdd10');
insert into feature (id, code, release_id, name, description, estimation, pct_completed, feature_status_id) values ('6cc50597-3f19-478f-ba42-6d83f332b9b0', '00000058', '0a196fbc-b403-11e8-96f8-529269fb1459', 'metus sapien ut nunc vestibulum', 'Nulla tempus. Vivamus in felis eu sapien cursus vestibulum. Proin eu mi.', 2, 20, '5f75c2a1-5233-4132-b29f-20fa5fd1e42f');
insert into feature (id, code, release_id, name, description, estimation, pct_completed, feature_status_id) values ('baf77195-5e51-4517-a867-e606d6133206', '00000059', '0a196fbc-b403-11e8-96f8-529269fb1459', 'luctus et ultrices', 'Aliquam erat volutpat. In congue. Etiam justo.', 35, 80, 'c9744fbf-1597-4d7f-8bd0-2a134a1bda42');
insert into feature (id, code, release_id, name, description, estimation, pct_completed, feature_status_id) values ('d07fb881-8855-45df-a34c-79809f207126', '00000060', '0a196fbc-b403-11e8-96f8-529269fb1459', 'quam pede lobortis ligula sit amet eleifend', 'Nulla mollis molestie lorem. Quisque ut erat.', 13, 80, 'c9744fbf-1597-4d7f-8bd0-2a134a1bda42');
insert into feature (id, code, release_id, name, description, estimation, pct_completed, feature_status_id) values ('30a839ea-08f8-45cd-bf81-57bfa5816576', '00000061', '0a196fbc-b403-11e8-96f8-529269fb1459', 'nam congue risus semper porta', 'Pellentesque eget nunc. Donec quis orci eget orci vehicula condimentum.', 13, 10, 'c9744fbf-1597-4d7f-8bd0-2a134a1bda42');
insert into feature (id, code, release_id, name, description, estimation, pct_completed, feature_status_id) values ('e635e0f3-ad0f-441c-9ca1-de48670f289c', '00000062', '0a196fbc-b403-11e8-96f8-529269fb1459', 'lobortis est phasellus sit', 'Nulla tempus. Vivamus in felis eu sapien cursus vestibulum.', 13, 40, 'a59835be-f2f8-4c88-b539-b9b03d4c72f9');
insert into feature (id, code, release_id, name, description, estimation, pct_completed, feature_status_id) values ('ad56caa3-4465-43ae-a4ca-b55b270b209e', '00000063', '0a196fbc-b403-11e8-96f8-529269fb1459', 'magna ac consequat', 'In sagittis dui vel nisl. Duis ac nibh. Fusce lacus purus, aliquet at, feugiat non, pretium quis, lectus. Suspendisse potenti. In eleifend quam a odio.', 35, 80, 'd17b4c24-956b-4474-b21d-a2606b9cdd10');
insert into feature (id, code, release_id, name, description, estimation, pct_completed, feature_status_id) values ('b43d9fe3-44f1-4e0d-8933-e2ccc1c66714', '00000064', '0a196fbc-b403-11e8-96f8-529269fb1459', 'nulla eget eros elementum', 'Duis at velit eu est congue elementum. In hac habitasse platea dictumst.', 8, 10, 'a59835be-f2f8-4c88-b539-b9b03d4c72f9');
insert into feature (id, code, release_id, name, description, estimation, pct_completed, feature_status_id) values ('7748abe9-f9b2-476e-9855-143d64ed60e6', '00000065', '0a196fbc-b403-11e8-96f8-529269fb1459', 'purus aliquet at feugiat non pretium', 'Nunc purus. Phasellus in felis. Donec semper sapien a libero. Nam dui.', 55, 50, '5f75c2a1-5233-4132-b29f-20fa5fd1e42f');
insert into feature (id, code, release_id, name, description, estimation, pct_completed, feature_status_id) values ('55e9c7de-7df2-4b65-be7c-6db9437b136f', '00000066', '0a196fbc-b403-11e8-96f8-529269fb1459', 'arcu sed augue aliquam erat volutpat in congue', 'Aenean sit amet justo. Morbi ut odio. Cras mi pede, malesuada in, imperdiet et, commodo vulputate, justo. In blandit ultrices enim. Lorem ipsum dolor sit amet, consectetuer adipiscing elit.', 21, 40, 'd17b4c24-956b-4474-b21d-a2606b9cdd10');
insert into feature (id, code, release_id, name, description, estimation, pct_completed, feature_status_id) values ('73a5ac2b-9c00-412b-a7b0-e6db912930c7', '00000067', '0a196fbc-b403-11e8-96f8-529269fb1459', 'dapibus dolor vel est donec', 'Integer aliquet, massa id lobortis convallis, tortor risus dapibus augue, vel accumsan tellus nisi eu orci. Mauris lacinia sapien quis libero. Nullam sit amet turpis elementum ligula vehicula consequat.', 3, 90, 'c9744fbf-1597-4d7f-8bd0-2a134a1bda42');
insert into feature (id, code, release_id, name, description, estimation, pct_completed, feature_status_id) values ('fba67fa0-fa1c-4757-9973-ab599e099ac3', '00000068', '0a196fbc-b403-11e8-96f8-529269fb1459', 'convallis duis consequat dui nec nisi volutpat', 'Integer aliquet, massa id lobortis convallis, tortor risus dapibus augue, vel accumsan tellus nisi eu orci. Mauris lacinia sapien quis libero. Nullam sit amet turpis elementum ligula vehicula consequat. Morbi a ipsum. Integer a nibh.', 55, 80, '5f75c2a1-5233-4132-b29f-20fa5fd1e42f');
insert into feature (id, code, release_id, name, description, estimation, pct_completed, feature_status_id) values ('a1afaf47-ae78-45f5-9023-dc2609274292', '00000069', '0a196fbc-b403-11e8-96f8-529269fb1459', 'elementum nullam varius nulla facilisi cras', 'Vivamus tortor. Duis mattis egestas metus. Aenean fermentum. Donec ut mauris eget massa tempor convallis.', 35, 20, 'a59835be-f2f8-4c88-b539-b9b03d4c72f9');
insert into feature (id, code, release_id, name, description, estimation, pct_completed, feature_status_id) values ('44f98d42-72bf-41be-83a4-266e6621c414', '00000070', '0a196fbc-b403-11e8-96f8-529269fb1459', 'nunc nisl duis', 'Nam ultrices, libero non mattis pulvinar, nulla pede ullamcorper augue, a suscipit nulla elit ac nulla. Sed vel enim sit amet nunc viverra dapibus. Nulla suscipit ligula in lacus. Curabitur at ipsum ac tellus semper interdum. Mauris ullamcorper purus sit amet nulla.', 8, 20, 'a59835be-f2f8-4c88-b539-b9b03d4c72f9');
insert into feature (id, code, release_id, name, description, estimation, pct_completed, feature_status_id) values ('1d89f1d2-3a1a-4c0a-b3f4-cdee6484e26d', '00000071', '0a196fbc-b403-11e8-96f8-529269fb1459', 'elementum eu interdum', 'In tempor, turpis nec euismod scelerisque, quam turpis adipiscing lorem, vitae mattis nibh ligula nec sem. Duis aliquam convallis nunc. Proin at turpis a pede posuere nonummy. Integer non velit. Donec diam neque, vestibulum eget, vulputate ut, ultrices vel, augue.', 55, 50, 'a59835be-f2f8-4c88-b539-b9b03d4c72f9');
insert into feature (id, code, release_id, name, description, estimation, pct_completed, feature_status_id) values ('06580948-b8d2-45f1-95de-0cad60bec809', '00000072', '0a196fbc-b403-11e8-96f8-529269fb1459', 'orci luctus et', 'Duis mattis egestas metus. Aenean fermentum. Donec ut mauris eget massa tempor convallis.', 8, 30, '5f75c2a1-5233-4132-b29f-20fa5fd1e42f');
insert into feature (id, code, release_id, name, description, estimation, pct_completed, feature_status_id) values ('48bad78e-c9ff-462e-82be-db18664c132d', '00000073', '0a196fbc-b403-11e8-96f8-529269fb1459', 'consequat varius integer ac leo pellentesque ultrices', 'Curabitur in libero ut massa volutpat convallis. Morbi odio odio, elementum eu, interdum eu, tincidunt in, leo. Maecenas pulvinar lobortis est. Phasellus sit amet erat. Nulla tempus.', 35, 100, '5f75c2a1-5233-4132-b29f-20fa5fd1e42f');
insert into feature (id, code, release_id, name, description, estimation, pct_completed, feature_status_id) values ('4da065bf-69bf-490d-bb47-ddc69c16ac26', '00000074', '0a196fbc-b403-11e8-96f8-529269fb1459', 'vestibulum eget vulputate ut ultrices vel', 'Duis mattis egestas metus. Aenean fermentum. Donec ut mauris eget massa tempor convallis. Nulla neque libero, convallis eget, eleifend luctus, ultricies eu, nibh.', 1, 70, 'd17b4c24-956b-4474-b21d-a2606b9cdd10');
insert into feature (id, code, release_id, name, description, estimation, pct_completed, feature_status_id) values ('8a1ae8f0-85ab-4fa5-af5e-57dcbe102eff', '00000075', '0a196fbc-b403-11e8-96f8-529269fb1459', 'vitae nisi nam ultrices libero non mattis', 'Phasellus id sapien in sapien iaculis congue. Vivamus metus arcu, adipiscing molestie, hendrerit at, vulputate vitae, nisl. Aenean lectus. Pellentesque eget nunc. Donec quis orci eget orci vehicula condimentum.', 1, 100, 'c9744fbf-1597-4d7f-8bd0-2a134a1bda42');
insert into feature (id, code, release_id, name, description, estimation, pct_completed, feature_status_id) values ('647eca78-5322-4dee-a4d2-05ccb5dbfd7a', '00000076', '0a196fbc-b403-11e8-96f8-529269fb1459', 'et ultrices posuere cubilia', 'Morbi vel lectus in quam fringilla rhoncus. Mauris enim leo, rhoncus sed, vestibulum sit amet, cursus id, turpis. Integer aliquet, massa id lobortis convallis, tortor risus dapibus augue, vel accumsan tellus nisi eu orci. Mauris lacinia sapien quis libero.', 8, 80, 'a59835be-f2f8-4c88-b539-b9b03d4c72f9');
insert into feature (id, code, release_id, name, description, estimation, pct_completed, feature_status_id) values ('07c76915-ea01-46fd-93b4-8705e11b1f19', '00000077', '0a196fbc-b403-11e8-96f8-529269fb1459', 'justo maecenas rhoncus aliquam lacus morbi quis', 'Sed ante. Vivamus tortor. Duis mattis egestas metus. Aenean fermentum. Donec ut mauris eget massa tempor convallis.', 2, 100, '5f75c2a1-5233-4132-b29f-20fa5fd1e42f');
insert into feature (id, code, release_id, name, description, estimation, pct_completed, feature_status_id) values ('25c91988-bc43-45cf-a1bd-cde6f7473189', '00000078', '0a196fbc-b403-11e8-96f8-529269fb1459', 'venenatis tristique fusce congue diam id ornare', 'Etiam justo. Etiam pretium iaculis justo.', 35, 40, '5f75c2a1-5233-4132-b29f-20fa5fd1e42f');
insert into feature (id, code, release_id, name, description, estimation, pct_completed, feature_status_id) values ('4abb5bfb-64d1-4d89-9bc1-48d240a64409', '00000079', '0a196fbc-b403-11e8-96f8-529269fb1459', 'id massa id nisl venenatis lacinia aenean sit', 'Proin at turpis a pede posuere nonummy. Integer non velit. Donec diam neque, vestibulum eget, vulputate ut, ultrices vel, augue. Vestibulum ante ipsum primis in faucibus orci luctus et ultrices posuere cubilia Curae; Donec pharetra, magna vestibulum aliquet ultrices, erat tortor sollicitudin mi, sit amet lobortis sapien sapien non mi.', 5, 20, 'a59835be-f2f8-4c88-b539-b9b03d4c72f9');
insert into feature (id, code, release_id, name, description, estimation, pct_completed, feature_status_id) values ('0397accc-4913-4eb8-a9ef-fd5114d6cc4e', '00000080', '0a196fbc-b403-11e8-96f8-529269fb1459', 'ullamcorper purus sit amet nulla quisque arcu', 'Integer ac neque. Duis bibendum.', 13, 40, '5f75c2a1-5233-4132-b29f-20fa5fd1e42f');
insert into feature (id, code, release_id, name, description, estimation, pct_completed, feature_status_id) values ('885ccd75-b665-43b9-b019-c9e53cf1d074', '00000081', '0a196fbc-b403-11e8-96f8-529269fb1459', 'lectus in quam fringilla rhoncus mauris enim', 'Vivamus tortor. Duis mattis egestas metus. Aenean fermentum.', 13, 10, 'a59835be-f2f8-4c88-b539-b9b03d4c72f9');
insert into feature (id, code, release_id, name, description, estimation, pct_completed, feature_status_id) values ('adb40330-c739-4aa2-b015-6d6e94aa94ab', '00000082', '0a196fbc-b403-11e8-96f8-529269fb1459', 'pellentesque ultrices phasellus id sapien in sapien iaculis', 'Nulla ut erat id mauris vulputate elementum.', 8, 50, '5f75c2a1-5233-4132-b29f-20fa5fd1e42f');
insert into feature (id, code, release_id, name, description, estimation, pct_completed, feature_status_id) values ('b48feb7b-0e8d-4bad-9889-2659013c7818', '00000083', '0a196fbc-b403-11e8-96f8-529269fb1459', 'montes nascetur ridiculus mus etiam vel', 'Morbi porttitor lorem id ligula. Suspendisse ornare consequat lectus. In est risus, auctor sed, tristique in, tempus sit amet, sem.', 13, 40, 'd17b4c24-956b-4474-b21d-a2606b9cdd10');
insert into feature (id, code, release_id, name, description, estimation, pct_completed, feature_status_id) values ('604df505-dd6e-41d0-8d47-7fc4da876574', '00000084', '0a196fbc-b403-11e8-96f8-529269fb1459', 'ipsum integer a nibh in quis justo', 'Suspendisse potenti. Nullam porttitor lacus at turpis. Donec posuere metus vitae ipsum. Aliquam non mauris.', 5, 20, 'a59835be-f2f8-4c88-b539-b9b03d4c72f9');
insert into feature (id, code, release_id, name, description, estimation, pct_completed, feature_status_id) values ('3faf4d0a-a222-4a06-a147-fb62cc6e94d0', '00000085', '0a196fbc-b403-11e8-96f8-529269fb1459', 'neque sapien placerat ante nulla', 'Duis ac nibh. Fusce lacus purus, aliquet at, feugiat non, pretium quis, lectus. Suspendisse potenti. In eleifend quam a odio.', 35, 90, '5f75c2a1-5233-4132-b29f-20fa5fd1e42f');
insert into feature (id, code, release_id, name, description, estimation, pct_completed, feature_status_id) values ('cf572e2f-a769-44dd-a159-171640fd9d76', '00000086', '0a196fbc-b403-11e8-96f8-529269fb1459', 'sit amet sem fusce consequat nulla nisl', 'Vestibulum ante ipsum primis in faucibus orci luctus et ultrices posuere cubilia Curae; Mauris viverra diam vitae quam. Suspendisse potenti. Nullam porttitor lacus at turpis. Donec posuere metus vitae ipsum. Aliquam non mauris.', 8, 40, 'a59835be-f2f8-4c88-b539-b9b03d4c72f9');
insert into feature (id, code, release_id, name, description, estimation, pct_completed, feature_status_id) values ('0d67af2f-c72f-456b-8949-1d8715603ab0', '00000087', '0a196fbc-b403-11e8-96f8-529269fb1459', 'tempus sit amet sem fusce', 'Duis mattis egestas metus. Aenean fermentum. Donec ut mauris eget massa tempor convallis.', 1, 30, '5f75c2a1-5233-4132-b29f-20fa5fd1e42f');
insert into feature (id, code, release_id, name, description, estimation, pct_completed, feature_status_id) values ('c1022349-c3a9-4767-b16f-d6649f59a21c', '00000088', '0a196fbc-b403-11e8-96f8-529269fb1459', 'primis in faucibus orci luctus et ultrices posuere', 'Sed ante.', 8, 60, 'a59835be-f2f8-4c88-b539-b9b03d4c72f9');
insert into feature (id, code, release_id, name, description, estimation, pct_completed, feature_status_id) values ('085e2f5f-678f-4e47-9bdd-3a5e2e06979a', '00000089', '0a196fbc-b403-11e8-96f8-529269fb1459', 'risus auctor sed', 'Duis mattis egestas metus. Aenean fermentum. Donec ut mauris eget massa tempor convallis. Nulla neque libero, convallis eget, eleifend luctus, ultricies eu, nibh.', 35, 50, '5f75c2a1-5233-4132-b29f-20fa5fd1e42f');
insert into feature (id, code, release_id, name, description, estimation, pct_completed, feature_status_id) values ('0341eaac-e90f-45c8-b5b8-ef15fcfcb581', '00000090', '0a196fbc-b403-11e8-96f8-529269fb1459', 'pulvinar sed nisl nunc rhoncus dui vel sem', 'Integer ac neque. Duis bibendum. Morbi non quam nec dui luctus rutrum.', 13, 40, '5f75c2a1-5233-4132-b29f-20fa5fd1e42f');
insert into feature (id, code, release_id, name, description, estimation, pct_completed, feature_status_id) values ('36397240-4d94-4696-96c9-da77647518de', '00000091', '0a196fbc-b403-11e8-96f8-529269fb1459', 'convallis eget eleifend luctus ultricies eu nibh', 'Suspendisse potenti.', 1, 10, '5f75c2a1-5233-4132-b29f-20fa5fd1e42f');
insert into feature (id, code, release_id, name, description, estimation, pct_completed, feature_status_id) values ('a04102ed-f6bd-4f9c-8388-0ce63e4cf704', '00000092', '0a196fbc-b403-11e8-96f8-529269fb1459', 'vehicula condimentum curabitur in libero', 'Donec ut mauris eget massa tempor convallis. Nulla neque libero, convallis eget, eleifend luctus, ultricies eu, nibh. Quisque id justo sit amet sapien dignissim vestibulum. Vestibulum ante ipsum primis in faucibus orci luctus et ultrices posuere cubilia Curae; Nulla dapibus dolor vel est.', 3, 70, '5f75c2a1-5233-4132-b29f-20fa5fd1e42f');
insert into feature (id, code, release_id, name, description, estimation, pct_completed, feature_status_id) values ('21929ce3-944d-4661-aac1-73a04ec686e1', '00000093', '0a196fbc-b403-11e8-96f8-529269fb1459', 'ultrices libero non', 'Aliquam quis turpis eget elit sodales scelerisque. Mauris sit amet eros. Suspendisse accumsan tortor quis turpis.', 13, 30, '5f75c2a1-5233-4132-b29f-20fa5fd1e42f');
insert into feature (id, code, release_id, name, description, estimation, pct_completed, feature_status_id) values ('739438a7-06fd-473c-af8e-26be0a41065d', '00000094', '0a196fbc-b403-11e8-96f8-529269fb1459', 'in hac habitasse platea dictumst', 'Integer pede justo, lacinia eget, tincidunt eget, tempus vel, pede. Morbi porttitor lorem id ligula.', 8, 30, '5f75c2a1-5233-4132-b29f-20fa5fd1e42f');
insert into feature (id, code, release_id, name, description, estimation, pct_completed, feature_status_id) values ('0889408e-0119-45e7-a09f-a3a4a38c3648', '00000095', '0a196fbc-b403-11e8-96f8-529269fb1459', 'eleifend pede libero quis', 'Duis ac nibh. Fusce lacus purus, aliquet at, feugiat non, pretium quis, lectus. Suspendisse potenti. In eleifend quam a odio. In hac habitasse platea dictumst.', 1, 30, 'd17b4c24-956b-4474-b21d-a2606b9cdd10');
insert into feature (id, code, release_id, name, description, estimation, pct_completed, feature_status_id) values ('971fe1ba-dd8e-4e6b-bb3c-8591a2293996', '00000096', '0a196fbc-b403-11e8-96f8-529269fb1459', 'egestas metus aenean fermentum', 'Maecenas tristique, est et tempus semper, est quam pharetra magna, ac consequat metus sapien ut nunc. Vestibulum ante ipsum primis in faucibus orci luctus et ultrices posuere cubilia Curae; Mauris viverra diam vitae quam. Suspendisse potenti. Nullam porttitor lacus at turpis.', 55, 30, 'c9744fbf-1597-4d7f-8bd0-2a134a1bda42');
insert into feature (id, code, release_id, name, description, estimation, pct_completed, feature_status_id) values ('3a69f42a-d5ca-4a6e-bb0e-b0b901abd30b', '00000097', '0a196fbc-b403-11e8-96f8-529269fb1459', 'aliquet maecenas leo odio condimentum', 'Aliquam augue quam, sollicitudin vitae, consectetuer eget, rutrum at, lorem. Integer tincidunt ante vel ipsum. Praesent blandit lacinia erat. Vestibulum sed magna at nunc commodo placerat. Praesent blandit.', 2, 50, '5f75c2a1-5233-4132-b29f-20fa5fd1e42f');
insert into feature (id, code, release_id, name, description, estimation, pct_completed, feature_status_id) values ('28b50c4b-ee8b-4aec-a929-95d654af5646', '00000098', '0a196fbc-b403-11e8-96f8-529269fb1459', 'semper sapien a libero', 'Vestibulum ac est lacinia nisi venenatis tristique. Fusce congue, diam id ornare imperdiet, sapien urna pretium nisl, ut volutpat sapien arcu sed augue.', 35, 30, '5f75c2a1-5233-4132-b29f-20fa5fd1e42f');
insert into feature (id, code, release_id, name, description, estimation, pct_completed, feature_status_id) values ('4daabcf4-53ef-4f8b-9bf7-1da96422a7fd', '00000099', '0a196fbc-b403-11e8-96f8-529269fb1459', 'aliquam erat volutpat in congue etiam justo', 'Morbi quis tortor id nulla ultrices aliquet.', 5, 80, 'c9744fbf-1597-4d7f-8bd0-2a134a1bda42');
insert into feature (id, code, release_id, name, description, estimation, pct_completed, feature_status_id) values ('841ebb0e-a5be-494d-b1a2-ae68cfee3604', '00000100', '0a196fbc-b403-11e8-96f8-529269fb1459', 'porta volutpat erat quisque erat eros viverra eget', 'Ut tellus. Nulla ut erat id mauris vulputate elementum. Nullam varius. Nulla facilisi.', 3, 60, 'a59835be-f2f8-4c88-b539-b9b03d4c72f9');

insert into team values ('4fb4cec6-c0c5-11e8-a355-529269fb1459', 'Team Alpha');
insert into team values ('4fb4d272-c0c5-11e8-a355-529269fb1459', 'Team Beta');

insert into team_project values ('4fb4cec6-c0c5-11e8-a355-529269fb1459', '7aca8ada-b3a8-11e8-96f8-529269fb1459');
insert into team_project values ('4fb4cec6-c0c5-11e8-a355-529269fb1459', '7aca9476-b3a8-11e8-96f8-529269fb1459');